text,category,Is the name Vulgar,behavior:vulgar-username
"List(jizzlebae ğŸ‘‘ğŸ‘‘, names, FALSE, false)"
Jizzle M,names,FALSE,false
á´†à¿“â˜¡Ì¶â„´Ì¶Æ´Ì¶áµ…â˜„Æ‘É„Í«á‘•Í§ĞšÍ­Î™ÍªÎ—Í£ â˜  SKOUT KI RANDI,names,FALSE,true
Watthanaporn E,names,FALSE,false
Pornpoj Su,names,FALSE,false
bigdaddy,names,FALSE,false
aishiteru,names,FALSE,false
Jiraporn,names,FALSE,false
Fagner,names,FALSE,false
DOMINICANBIGDADDY,names,FALSE,false
Aishiteru Marasigan,names,FALSE,false
Rachel Cummings,names,FALSE,true
BigDaddy,names,FALSE,false
Suphaporn S,names,FALSE,false
kuntryboi Kelvo,names,FALSE,true
Simone faggi,names,FALSE,false
Fago,names,FALSE,false
ğŸ’—ğŸ’—aishiteruğŸ’ğŸ’ğŸ’,names,FALSE,false
kinkon12,names,FALSE,false
Nazish,names,FALSE,false
rafaga82,names,FALSE,false
Marsetti,names,FALSE,false
FLIPPARACCI ULTRA COCKY,names,FALSE,false
Der Grinch,names,FALSE,false
Varshith,names,FALSE,false
WawanGs ğŸ’§,names,FALSE,true
Arsenico74,names,FALSE,false
BigDaddy023,names,FALSE,false
Bigdaddy,names,FALSE,false
NÃ¢zÄ±m Efe,names,FALSE,false
catwatcher,names,FALSE,false
Lukas Buketits,names,FALSE,false
7horsemen,names,FALSE,true
Arachaporn,names,FALSE,false
Â¸Â¸â™¬Â·Â¯Â·â™©Â¸Â¸Sasshole Â¸Â¸â™«Â·Â¯Â·â™ªÂ¸Â¸ğŸ¦¥ğŸ’‹,names,FALSE,true
tomarse,names,FALSE,false
FinchenğŸ‘€,names,FALSE,false
pincheflaco,names,FALSE,false
darki34,names,FALSE,false
Da215cockykid,names,FALSE,false
B_Shemale A,names,FALSE,true
ajizzlebm,names,FALSE,false
GrinchğŸ€,names,FALSE,false
â™¦ï¸ liinchen OÍ­hÍ¤nÍ£eÍ« hose,names,FALSE,false
"Cajunmom Letâ€™s hit. 500,000",names,FALSE,true
ğŸ’RISHY Ya FookğŸ’,names,FALSE,false
â™«â™ª ğ“¢ğ–š ğ•®ğ–ğ–ğ–“ğ–ˆğ–ğ–Š â™«â™ª,names,FALSE,false
ZoKa#Ğ²ÑÎ¹Î·Â¢Ğ½Ñ”Î·#BÍ­oÍ¤nÍ£iÍ«tağŸ„,names,FALSE,false
Marco Dicke,names,FALSE,false
A-Jizzle â—ï¸ğŸ©¸ğŸ…±ï¸ğŸ‘ŒğŸ¾,names,FALSE,false
Sudaporn S,names,FALSE,false
Bg Gupron G,names,FALSE,false
YungHaveABitchPRONTO,names,FALSE,false
ğŸ‡¯ğŸ‡²DiamondğŸ’DickDavisğŸ‡ºğŸ‡¸#TheBest,names,FALSE,false
Patcharaporn Khamrangsri,names,FALSE,false
ARSENALË¡â±áµˆáµ‰Ê³â„¢Ò“á´á´›á´âš”Â¹â°,names,FALSE,false
La marseillaise,names,FALSE,false
duchein,names,FALSE,false
MattinChico,names,FALSE,false
RDucheine04,names,FALSE,false
David Bircumshaw,names,FALSE,false
Nazif,names,FALSE,false
mountaintop33,names,FALSE,false
bigdaddyleebroome,names,FALSE,false
MO B .DICK,names,FALSE,false
slocumspry,names,FALSE,false
Davinchi D,names,FALSE,false
Josh VanDyke,names,FALSE,false
ChristainTH,names,FALSE,false
Sexiest Man Alive ğŸ’¯,names,FALSE,true
snuffaluffaguss213,names,FALSE,false
Johannes Empron,names,FALSE,false
å…¬ä»”-Crazy bastard.,names,FALSE,true
Incorrectly Pronounced,names,FALSE,false
ğŸŒğŸ¸ğŸ‘½ â€¢áµƒáµˆáµâ±â¿â€¢ á¶œá´´á´¬á´¿á´µáµ€áµ á¶ á´¬á´¹ Ace Pringle,names,FALSE,false
Bimboy Libuna,names,FALSE,false
notwatchingtheclock,names,FALSE,false
ğŸ’¯ğŸ˜ˆğŸ‘»TEAM JORDZ KINKYGEZZERğŸ’¯ğŸ˜ˆğŸ‘»,names,FALSE,true
jheros.krafaga,names,FALSE,false
bigdaddydt,names,FALSE,false
Connie Babcock,names,FALSE,false
Arsenia,names,FALSE,false
Fagr,names,FALSE,false
Moby Dick,names,FALSE,false
Minchen ğŸ¦„ #DeÍ­nÍ¤iÍ£sÍ« el xenoğŸ¦…,names,FALSE,false
ÑÏƒâˆ‚ÑÎ¹gÏƒ Â¹ â—‡ Ï‰Î¹Î·Â¢Ğ½Ñ”Ñ•Ñ‚Ñ”Ñ,names,FALSE,false
â™‰ï¸ğŸ˜¤LightSkinKeithSweatğŸ¤,names,FALSE,false
Lakshit,names,FALSE,false
kader akÄ±nk,names,FALSE,false
BigDaddyEJaay,names,FALSE,false
Abimbola,names,FALSE,false
ğŸ’…ğŸ˜˜ğŸ¦„ğŸ‘ğŸ”¥007girlğŸ€ğŸ‘ ğŸ’µğŸ‡¨ğŸ‡¦,names,FALSE,true
jizzelğŸ’–ronquillo,names,FALSE,false
Sagi-newsexodoğŸ‡µğŸ‡¦ğŸ’¢ â™ğŸ˜ˆğŸ¤£ğŸ’¢,names,FALSE,true
Flacopinche Varela,names,FALSE,false
Its pronouced Shi-thead,names,FALSE,false
Difreakinch,names,FALSE,false
BIG_Kuntry4Lyfe,names,FALSE,true
Linchen #Linchen,names,FALSE,false
PrinceStaxowax,names,FALSE,true
iwankosayo,names,FALSE,false
Squirtle Boy,names,FALSE,false
atyourmainchickhouse1994,names,FALSE,false
AndrÃ© #FÍ­iÍ¤NÍ£CÍ«HiBOYğŸ©,names,FALSE,false
Celo â€œSkyScraperâ€ Jones ğŸ§›ğŸ½â€â™‚ï¸ğŸ€,names,FALSE,false
[ ğŸ¢ Squirtle Squad Clan ] ğŸ”¥ğŸ¥“ğŸ’ğŸ¦Tommy Baby,names,FALSE,false
kinkong74,names,FALSE,false
Ufuk Uluhan,names,FALSE,false
Akshit Arora,names,FALSE,false
hinchy2307,names,FALSE,false
BigDaddyPhil70,names,FALSE,false
Nickelarse,names,FALSE,false
Bimboliss,names,FALSE,false
Kuntre,names,FALSE,false
"ğŸ’šğŸ˜‰ğŸ’™GOBSHITE,ğŸ˜feisty old ğŸ¶ğŸ¶ğŸ’™,ğŸ˜‚ğŸ’š",names,FALSE,false
Cik Nor @ Shemale_Nyah,names,FALSE,true
bricedickensonson,names,FALSE,false
jizzle33,names,FALSE,false
ğŸ¦‚ğŸ‡¨ğŸ‡º,names,FALSE,false
ptitsushi,names,FALSE,false
Tito ğŸ’ªğŸ¤Ÿ@tito_cockteleroğŸ¤ŸğŸ’ª,names,FALSE,false
binchen,names,FALSE,false
davinchi85,names,FALSE,false
Seymour Buttes,names,FALSE,true
Finchen #ğŸ¤ğ’ğ’¶ğ“…ğ“…ğ’¶ ğ’ğ“ğ’¶ğ“ƒğŸ§¢ğŸ¤,names,FALSE,false
Gene Heathcock,names,FALSE,false
Daddyken03,names,FALSE,false
Chekink Chekink,names,FALSE,false
mjizzlejay,names,FALSE,false
TC Ufuk KÄ±rÄ±koÄŸlu,names,FALSE,false
k1k3A,names,FALSE,true
Da vinch,names,FALSE,false
Fabrice wanko,names,FALSE,false
â™¡Sophieâ™¡ğŸŒˆ#FickdÍ­iÍ¤eÍ£DÍ«ickenğŸ¥‚ğŸ¾,names,FALSE,false
ğŸ‘½ğŸ—½ğŸ¢IGPAPERSKYSCRAPER1ğŸ¢ğŸ—½ğŸ‘½,names,FALSE,false
PRONTO,names,FALSE,false
ryancayacapÂ®Oneorigins,names,FALSE,false
chillinchuck30,names,FALSE,false
BruhhGoddamn,names,FALSE,true
bigdaddywhattheycallme,names,FALSE,false
Pablo_estaminchia,names,FALSE,false
EllyCummings,names,FALSE,true
kING kUNTA,names,FALSE,false
supreme classes,names,FALSE,true
â™©á¸™á¹§á¹³á¹§_ÕŠâœºâ„µĞºá¸™â‘‚#Ê·á¶¤Ê³á¶ á¶¤á¶œáµáµ‰á¶°áµˆá¶¤áµ‰áµˆá¶¤á¶œáµáµ‰á¶°,names,FALSE,false
trinchen70,names,FALSE,false
Rainbow ( Kshitij ),names,FALSE,false
Edickso S,names,FALSE,false
Bigdaddy D,names,FALSE,false
Akshit,names,FALSE,false
BIGDADDYğŸ‘³ğŸ¾â€â™‚ï¸,names,FALSE,false
Dario Kike A,names,FALSE,true
Pornthap S,names,FALSE,false
joeinchas,names,FALSE,false
bigdaddy207289,names,FALSE,false
ğŸ¤LuckyğŸ¤ğŸŒ¹LÍ­aÍ¤uÍ£rÍ«inchenğŸŒ¹,names,FALSE,false
NadinchenXY,names,FALSE,false
Kike F,names,FALSE,true
Juan Linch,names,FALSE,false
Dinchen,names,FALSE,false
"chincheta83,Instagram.",names,FALSE,false
JizzleDaYoungan,names,FALSE,false
ğŸ”—TeufelchenğŸ”—ğŸ‰Ë¢DÍ¨eÍªá¶°nÍ§á¶ !á¶ zÍ¤Ë¡ ğŸ‰â­,names,FALSE,true
ARSENE Agnes,names,FALSE,false
Mr AÂ¡$hÂ¡tâ‚¬ru,names,FALSE,false
ğŸ’«ğŸ’ğŸ’¥Skype: naziouloudiağŸ§¢ğŸ‘‘ğŸ’ğŸ’¥ğŸ’«,names,FALSE,false
ufuk ipek 37,names,FALSE,false
BigDaddy29732,names,FALSE,false
peniston27,names,FALSE,true
bigDaddyJohn1971,names,FALSE,false
Â²Ë¡â±áµ€ITSVICğŸ˜˜,names,FALSE,false
pinche chankla,names,FALSE,false
dakshith,names,FALSE,false
Martin TY ğŸ’— Â¥â‚¬LÂ¡TCÂ¡T@â˜†ğŸ‡µğŸ‡ª,names,FALSE,true
bigdaddyrauch,names,FALSE,false
Yb Wangsa Maju,names,FALSE,true
Wijaiya Wittwat,names,FALSE,false
ladyk37,names,FALSE,false
Alessiofagiolini8,names,FALSE,false
RAJ Arsenal,names,FALSE,false
bigfish1510,names,FALSE,false
KuntryLo,names,FALSE,true
Daniel Cumming,names,FALSE,true
anazira,names,FALSE,false
Phillipe-capron,names,FALSE,false
Duchenne,names,FALSE,false
KUNTANI,names,FALSE,false
Nishit,names,FALSE,false
Tjizzzles,names,FALSE,false
ElWhoreknee Cesar,names,FALSE,true
Chinchin,names,FALSE,false
Incompetent.Bastard,names,FALSE,true
nearby Hyderabad Shemale,names,FALSE,true
Kuntry G,names,FALSE,true
f00ki3,names,FALSE,false
"KIKE P,ÓĞ„Ò¬Ñ¦L Ç¤Æ—Æ¦Å vol. 2.1-",names,FALSE,true
Â©ï¸âš ï¸ğ“‚€âƒ¤ğŸš«â‚²â‚²â‚²ğŸš«Kash1stğŸ˜ˆğŸ§â€â™‚ï¸ğ‘ğğ³ğšğŸ’€ ğ‘ğğ¤ğ­ğğƒğŸğŸ¤šğŸ½áµáµ‰Ê³áµ–ğŸ–¤Ê™á´ Ò“ğŸŒŒ,names,FALSE,false
saltwaterlocal,names,FALSE,false
Nopporn,names,FALSE,false
bigdaddy#1,names,FALSE,false
ladykeke01,names,FALSE,false
Pipilinchi stinki âœŒï¸,names,FALSE,false
Swanky M,names,FALSE,true
apple allarse,names,FALSE,false
Tyler Linch,names,FALSE,false
Vinche,names,FALSE,false
bigdaddyready1978,names,FALSE,false
Snuffahluffagus,names,FALSE,false
Chincheto,names,FALSE,false
Tjizzel,names,FALSE,false
Rick Van Dyke,names,FALSE,false
ğŸ‡¹ğŸ‡·UfUkğŸ”¥,names,FALSE,false
ChrisSParsell,names,FALSE,false
beaner22,names,FALSE,false
Ich der Wangs,names,FALSE,true
pinchewapo,names,FALSE,false
Sky Scraper,names,FALSE,false
Shemalesharon,names,FALSE,true
â™’ï¸ğŸŒ¸LightskinChy240ğŸŒ¸â™’ï¸,names,FALSE,false
ğŸ’DickesLangoshğŸ’,names,FALSE,false
pissoffwiththeusername,names,FALSE,true
choclit76,names,FALSE,true
keysgroup_SDM,names,FALSE,false
RincHen PhunTsho,names,FALSE,false
Akshit Kashyap[28],names,FALSE,false
ShÃ¬tÄ«fÃ©nâ€¢Â¹ê“„êƒ…êŸ ê‰“êƒ…ê‚¦êŒ—êŸêˆ¤ ê‚¦êˆ¤êŸÂ¹â€¢,names,FALSE,false
Rashit,names,FALSE,false
roberttearse,names,FALSE,false
utumpron,names,FALSE,false
Akshit Kashyap,names,FALSE,false
Rubishemale,names,FALSE,true
fagnerge,names,FALSE,false
ravenmoon68,names,FALSE,true
Hancock ğŸ¦…ğŸ¦…ğŸ¦…,names,FALSE,false
bigdaddynseattle,names,FALSE,false
Aá´°á´¹Aishiteru| à¼’â˜¬á´Éªá´›ÊœÊ€ÉªÊŸâ˜¬à¼’,names,FALSE,false
_xswank,names,FALSE,false
Nishith Salian,names,FALSE,false
KUNTRÂ¥ Kâ„â„Â£â—ğŸ¦‚,names,FALSE,true
kentits,names,FALSE,false
Jaymes Finchum,names,FALSE,false
Kuntree Boi,names,FALSE,false
Yasmin Shemale Ladyboy,names,FALSE,true
youngtjizzle,names,FALSE,false
â£ï¸ğŸ¨ Tainted Heart ğŸ»â£ï¸,names,FALSE,false
JizzleG,names,FALSE,false
LinchenğŸ–¤#TÍ­oÍ¤mÍ£mÍ«yğŸ¦ğŸ”¥,names,FALSE,false
Tunyapron,names,FALSE,false
jkearse164,names,FALSE,false
Issa Dicko,names,FALSE,false
Kunta Kintey,names,FALSE,false
sunglasses,names,FALSE,true
Ufuk Telci,names,FALSE,false
Jheros.Krafaga,names,FALSE,false
Sid ğŸ’• Desi Group,names,FALSE,false
Kelvinchop,names,FALSE,false
ğŸ¥Thomas / TamÃ¡s ğŸ¡ #ungarn #sopron,names,FALSE,false
doitwaters,names,FALSE,false
G!noâ™¡#Sh!shÎ±NrÉ™dsâ™¡,names,FALSE,true
arsenioallen,names,FALSE,false
ItAintHardToTell_45,names,FALSE,false
BigdaddyHusband,names,FALSE,false
Bigdaddy â™,names,FALSE,false
arda darseven,names,FALSE,false
McThicums,names,FALSE,false
sasha shemale,names,FALSE,true
arsen26,names,FALSE,false
bigdaddym56,names,FALSE,false
draper6nb,names,FALSE,false
S&M22,names,FALSE,true
MrBigDaddy98,names,FALSE,false
ğŸŒ´Exotic ğŸŒºCherokee,names,FALSE,false
Vlahodick K,names,FALSE,false
Jamie Dickie,names,FALSE,false
karinchen,names,FALSE,false
VicLit 77,names,FALSE,true
bigdaddymeech,names,FALSE,false
PricklyD,names,FALSE,true
MatthewVanDyke,names,FALSE,false
Cafagee R,names,FALSE,false
jackingram21,names,FALSE,true
Winchuckster,names,FALSE,false
bigdaddykane,names,FALSE,false
nogroupies,names,FALSE,false
roro shemale,names,FALSE,true
ğ”ğ”¬ğ”«ğ”¢ğ”©ğ”¶ ğ”…ğ”ğ”¡ğ”ğ”°ğ”°ğ”¢ğ”° ğ•´ğ–“ğ–ğ–Šğ–‰ğ–šğ–• â™¤ğ•¸ğ–ğ–˜ğ–™ğ–ğ–ˆğ–†ğ–‘ ğ•¹ğ–†ğ–™ğ–ğ–”ğ–“â™¤,names,FALSE,true
Shaide Milfort,names,FALSE,true
JizzuhğŸƒ,names,FALSE,false
pussycat _committe,names,FALSE,true
Tyron#Sh!shÎ±NrÉ™dsâ™¡,names,FALSE,true
FÎ±É¢Î¹olÎ¹É´ağŸ¦„ğŸŒˆğŸŒ¹ğŸ¥€ğŸŒ»ğŸ¦¡,names,FALSE,false
mattwatt91,names,FALSE,false
cHetaraWinch,names,FALSE,false
lightskinkiing,names,FALSE,false
DuchessLis,names,FALSE,false
Shella shemale,names,FALSE,true
Martincho,names,FALSE,false
fook heng,names,FALSE,false
CEO ->ğŸŠPinche ğŸ’€JerryğŸŠâ¤ï¸ğŸŒ»ğŸ™„,names,FALSE,false
Tincho,names,FALSE,false
Pawankumar R,names,FALSE,false
bigdaddymac699,names,FALSE,false
Bigdaddy252,names,FALSE,false
Rakshit Chauhan,names,FALSE,false
robinbastard,names,FALSE,true
bigdaddymmm,names,FALSE,false
RobbCV,names,FALSE,true
kuntry790,names,FALSE,true
ğŸŒŸkummerkastenğŸŒŸ,names,FALSE,true
Kuntri D,names,FALSE,false
Kiprono J,names,FALSE,false
Jolalinchen Elfenfee â„,names,FALSE,false
Petit50,names,FALSE,false
Zarimah Waria Or Shemale,names,FALSE,true
Cd Travesti Asmina (shemale),names,FALSE,true
Fooksin,names,FALSE,false
carolineduchet,names,FALSE,false
The Grinch,names,FALSE,false
Kuntryboy H,names,FALSE,true
Marsellus Wallace,names,FALSE,false
Lloni Jhoel Taminchi Flores,names,FALSE,false
Nazif Onul,names,FALSE,false
bollocks97,names,FALSE,true
áµƒáµˆáµâ±â¿ á¶œá´´á´¬á´¿á´µáµ€áµ á¶ á´¬á´¹. kevin,names,FALSE,false
BigDaddyRJ92,names,FALSE,false
lonelyinchatt,names,FALSE,false
onehellofaguy1,names,FALSE,false
tkearse93,names,FALSE,false
ğŸ‡¦ğŸ‡±ğŸ’ªMarseliğŸ•›GermaniğŸ‡©ğŸ‡ª,names,FALSE,false
MaÂ®sEl ğŸŒ¹,names,FALSE,false
Domestically Foreign,names,FALSE,true
BIGDADDYLUKE20,names,FALSE,false
Group,names,FALSE,false
Rahul Rakshit,names,FALSE,false
Panudech,names,FALSE,true
rockymountaintop0,names,FALSE,false
somporn,names,FALSE,false
PrittiğŸ˜Cocky,names,FALSE,false
phuckenerich,names,FALSE,true
WindyKeys,names,FALSE,false
Anilo#ğŸ’¥ğŸ¥€TiÍ¥ncÍ£hÍ«en,names,FALSE,false
duchessboy,names,FALSE,false
BigDaddyD79,names,FALSE,false
shemale sunny,names,FALSE,true
Jorsh15,names,FALSE,false
r1dd1ck_32,names,FALSE,true
Pornpimol B,names,FALSE,false
5ft 2inchs of personality ğŸ™ƒ,names,FALSE,false
Shemale Vietnam,names,FALSE,true
ê§à¼ºSquirtleà¼»ê§‚,names,FALSE,false
ğŸ’¯Â©ï¸ğŸ’¨â‚²â‚²â‚²ğŸ‘‘ğŸğŸ”—Kash1stğŸ¤šáµáµ‰Ê³áµ– ğŸ‘‘PTAHğŸ–¤#Ê™áµƒáµˆá´ â±áµ‡áµ‰Ë¢Ò“áµ’Ê³áµ‰áµ›áµ‰Ê³ğŸŒŒâ™ ï¸,names,FALSE,false
bigdaddy13601,names,FALSE,false
starsead,names,FALSE,false
Naziru M,names,FALSE,false
BigDaddy3.0,names,FALSE,false
Kunthea Chan,names,FALSE,false
Capron,names,FALSE,false
naz1forya,names,FALSE,false
Beshears30,names,FALSE,false
jayfish15,names,FALSE,false
nocheartwatch,names,FALSE,false
jatuporn Tibbunsi,names,FALSE,false
ig:@jo_squirtle,names,FALSE,false
à§¡à§¢Í¡Íœâšœâœ¦ÒˆÍ¡Íœâ³.Î±Ñ•Ñ•Ñ”Ñ•Ñ•ÏƒÑ Î±Ğ¸âˆ‚ÑÑ”âœŸ Òˆ âšœ Fml,names,FALSE,true
pooyan faghiri,names,FALSE,false
âšœï¸|áµ€Ê°áµ‰Î±cĞ½Î¹ÎµvÎµÑs|Ashiteru Angel...,names,FALSE,false
ğŸ’‹Inchez ThenolinğŸ’‹ âœ°Õ©iuÕ©iâ„½uâœ°,names,FALSE,false
_juliilaa_#Ã¼berderdicken,names,FALSE,false
GroupieLuv60,names,FALSE,false
Prontospike,names,FALSE,false
Superstars33,names,FALSE,false
ufuk demir Demir,names,FALSE,false
Anilo#QueenğŸ’¥ğŸ¥€TiÍ¥ncÍ£hÍ«en,names,FALSE,false
dblkiker,names,FALSE,true
atwaterboy,names,FALSE,false
79inchesTall,names,FALSE,false
â™€ï¸LA SEXOLOGAâ™‚ï¸,names,FALSE,true
JGHinch66,names,FALSE,false
Bigdaddy2514,names,FALSE,false
kKungfukenny,names,FALSE,false
Gupta group nandganj nandganj,names,FALSE,false
fooksin lim,names,FALSE,false
Pornlie P,names,FALSE,false
kunta-kinte,names,FALSE,false
x_liinchen ğŸ€âš˜,names,FALSE,false
Allison Braddick,names,FALSE,false
Somporn,names,FALSE,false
_Horchatatits_,names,FALSE,false
roufefuki .,names,FALSE,false
Bigdaddy47,names,FALSE,false
ufuksimsek03,names,FALSE,true
ğŸ’‹ğŸ’–NativeBeauty899ğŸ’–ğŸ’‹[ğŸ¢ Squirtle Squad Clan ],names,FALSE,false
bastardo dentro ğŸ’¯ğŸ’¢,names,FALSE,true
PussycatdollğŸº,names,FALSE,true
violet charse,names,FALSE,false
tlnhmndrbbchtr,names,FALSE,true
WiNchY,names,FALSE,false
"!shemale stephanie",names,FALSE,true
incharleewetrust,names,FALSE,false
ğŸ’œKabooty â™‰DaTempestğŸ’œ,names,FALSE,true
KSHITIZ S,names,FALSE,false
kuntilanak 20,names,FALSE,false
John Cocksmith,names,TRUE,false
Dick,names,TRUE,false
kunti,names,FALSE,false
Bimbo,names,TRUE,false
febi waria Jakarta ( shemale ),names,FALSE,true
dicky,names,TRUE,false
IG: Too 'MFN' Cocky,names,FALSE,false
Rotskie Retardo,names,TRUE,true
Pan Bimbo,names,TRUE,false
wankpof,names,TRUE,false
Big Booty,names,TRUE,true
Marc ğŸŠĞ¼ÑºĞ¸Æ§â€ â“”rğŸŠğŸ–•ğŸ¿ #â„³iÍ­nÍ¤iÍ£fÍ«ee ê§ğŸ‘‘âœ° ğ•¹ğ–†ğ–‰ğ–ğ–“ğ–ŠğŸ£ Bobbeleâœ°ğŸ‘‘ê§‚,names,TRUE,true
NIGGAR,names,TRUE,true
ğŸ–•ğŸŒ¹ğŸ¤¦ğŸ½â€â™€ï¸â¤ï¸Ignazioâ¤ï¸ğŸ–•ğŸ¤¦ğŸ½â€â™€ï¸ğŸŒ¹,names,TRUE,true
â™¾ğŸ§ğ•€ğ•Ÿğ•—ğ•šğ•Ÿğ•šğ•¥ğ•ªğŸ­ğ”»ğ•ğŸ¤™ğŸ¾âš”ğŸ–¤ğŸ›³âš“ğŸ§¿ğŸ¹ğŸ–•ğŸ¾âš”ğŸ–¤ âš”ğŸ–¤ğŸ›¡â™¾ğŸ§,names,TRUE,true
ğŸº â„“à¹à¸ Îµà´§à¹â„“Õ”â¹ğŸ‘ Joe,names,TRUE,true
ONIZUKAğŸ–•ãŠ—ãŠ™ğŸ‰‘,names,TRUE,true
ï´¾æˆ¦å£« ğ“ƒ­à¿†ê¤¨ê¤ªï´¿á´¬Ë¢Ë¢áµ‰Ë¢Ë¢áµ’Ê³áµƒÉ–a ğŸ…³ğŸ…¾ğŸ…½ğŸ…° â¸™â˜…á¶á‹á™¦â‚¹â‚¹á™¦â…ˆâ‚¹à² á®ˆâ˜…åâ¸™,names,TRUE,true
Bbc,names,TRUE,true
sexy KathiğŸŒ¸ğŸ‘ ğŸ’¦ğŸ’•ğŸ’ğŸ’œğŸŒ¸,names,TRUE,true
bukake,names,TRUE,true
Ğ²Ï…ĞºÎ±ĞºÎµ,names,TRUE,true
AJ Wit da RedHoodieğŸ’¦ğŸ’¦,names,TRUE,true
ooohshit,names,TRUE,false
ğŸ’ShaneğŸ’ğŸ’µ ğŸ˜ ğŸ”«ğŸ¤« ğŸ”¥,names,TRUE,true
ğŸ’ªğŸ½Mrs.50NastyğŸ˜ğŸ’¦,names,TRUE,true
ğŸ–•ğŸ–•VikingağŸ–•âš“ğŸ’›,names,TRUE,true
no fuckery period ğŸ–¤ğŸ–¤ğŸ–¤,names,TRUE,true
LUSTY horsedick ğŸ¤ ğŸ¤ ğŸ¤ (DTF),names,TRUE,false
MY THICKğŸ†4 NOW,names,TRUE,true
Bien dotado ğŸŒğŸ’¦ğŸ’¦,names,TRUE,true
ğŸ–•ğŸ¾ğ“¢ğ“£ğ“Ÿ.ğ“ ğ“¾ğ“ªğ“·ğ“­ğ“¸,names,TRUE,true
ğŸƒTobiğŸƒ#N94ğŸ’¦,names,TRUE,true
ğŸ”ŒğŸ’¦brookeKEEPEMchoosinğŸ¤‘ğŸ¥€,names,TRUE,true
ğŸ’‹ğŸ’¦â€¢BaggLaddiiâ€¢ğŸ’§ğŸ’...36â†™ï¸,names,TRUE,true
Nikhil ğŸŒğŸ’¦ğŸ’¦,names,TRUE,true
Jizzy,names,TRUE,false
ğŸ¤ŸSà¸„m kÑ’à¸„à¸ á´®á´¬á´° á´®á´¼áµğŸ˜ğŸ–•,names,TRUE,true
Queen MochağŸ’ğŸ½ğŸ˜ğŸ’•ğŸ’¦ğŸ‘‘,names,TRUE,true
ufuk,names,TRUE,false
You Got Me Fucked UpğŸ‡¯ğŸ‡²,names,TRUE,true
Deejay2020#ğŸ–•JaÍ­zÍ¤zÍ£yÍ«JazzğŸ‡¬ğŸ‡§ğŸ§¨ğŸ”ª,names,TRUE,true
BğŸ’°AğŸ’¯NğŸ’£DğŸ™ŒIğŸ‘ŒTğŸ’µOğŸ”«,names,TRUE,true
AbstractDeepThroatğŸ‡¯ğŸ‡²,names,TRUE,true
ğŸš® STAYPRESSEDğŸ’¦ğŸ’¦,names,TRUE,true
ğŸ˜ˆğŸ”«RonFrmDaFieldğŸ”«ğŸ˜ˆ,names,TRUE,true
burningnshootingtheshit,names,TRUE,false
ğŸ’¯ğŸ’¯ MÆ”Æ¤ ÆÆ  Æ‡Æ›Æ¤ğŸ”«ğŸ’¸ğŸ˜‚ğŸ˜‚,names,TRUE,true
MichelleğŸ–•ğŸ˜ˆğŸ’‹,names,TRUE,true
Niggar,names,TRUE,true
Ufuk,names,TRUE,false
ğ”ğ”’ğ”‘Ä°ğ”Šğ”–â„œğ”„ğ”–ğ”–ğ”ˆğŸ”«ğ”‡Ä°ğ”„ğ”…ğ”ğ”’â˜ ï¸,names,TRUE,true
Bigboy ğŸ† me 32,names,TRUE,true
ğŸ•ğŸ‘Jose Manuel M.C ğŸšœğŸ¡ğŸ‡ªğŸ‡¸ğŸ‡ªğŸ‡¸,names,TRUE,true
Daniel team qlq ğŸ”« ğŸ¸,names,TRUE,true
FlameGangğŸƒğŸ”«âš”ï¸R.D.Gâš”ï¸,names,TRUE,true
â˜•Ristrettoâ˜•â™¨ï¸tyğŸ‘ğŸŒ·ğŸ¦‹ğŸ‘„nâ‚¬Â£Â£â‚¬ğŸ¥€...,names,TRUE,true
ğŸ¤ªnutella ğŸ–•ğŸ»,names,TRUE,true
ğŸ”¥TLGğŸ”¥team fuck you,names,TRUE,true
BBC,names,TRUE,true
Dark*villain #ğŸ–•Fá‘Œá‘•KğŸ–¤FEá”•TğŸ–•,names,TRUE,true
UnderMyBooty31,names,TRUE,true
ğŸ’¯ %ğŸŒºM'Zll-lLinfernaleğŸ–•â„¢ï¸foufous,names,TRUE,true
ğŸ¦€TanjağŸ¦€#zwergl ğŸ§¸ğŸ–•ğŸ»#ğŸ¦‚,names,TRUE,true
Let me suck it,names,TRUE,true
Grill'D á´¹áµ˜áµˆáµˆáµƒá¶ áµ’áµ’áµá¶¦â¿CHEE$E,names,TRUE,false
Chocolate City ğŸ˜ğŸ˜˜ğŸ«ğŸ’¦ğŸ’•,names,TRUE,true
BigBabieğŸ’¦,names,TRUE,true
ğŸ…°ï¸aliyah ğŸ’¦ the stallion,names,TRUE,true
kike,names,TRUE,true
ğŸ’¦ğŸ¤‘BRIğŸ’•ğŸ˜‹,names,TRUE,true
XLğŸ‘,names,TRUE,true
æ¡ƒå­ğŸ‘,names,TRUE,true
ğŸ˜ˆÆ‘Ê‰Í«cÍ§ĞºÍ­Î¹ÍªÎ·Í£ redneck OutlawğŸ˜ˆğŸ‡ºğŸ‡¸Rhec,names,TRUE,true
â˜ âœ¨â™¦ï¸MS. MYSTIC LADY á¶»á´±á´¿á´¼ á¶ áµá¶œá´·Ë¢ á´³á´µâ±½á´±á´ºâœ¨â˜ ,names,TRUE,true
bbc,names,TRUE,true
Bukake,names,TRUE,true
ğŸ‘±ğŸ¾â€â™€ï¸ miss juicy baby ğŸ‘ğŸ’§ğŸ’‹,names,TRUE,true
ğŸ’œAntonioğŸ˜»ChachiğŸ–•,names,TRUE,true
Seductive ShitTalker ğŸ˜ˆ,names,TRUE,false
aintshit,names,TRUE,false
ğŸ‘…ğŸ’¦PARADISE ğŸ¦„ğŸ˜ˆ,names,TRUE,true
ğ•“ğ•–ğ•ğ•ğ•–ğ•«ğ•«ğ•’ğŸ–• ğ•œğ•– ğ•¤ğ•–ğ•¤s,names,TRUE,true
Pussi licking S,names,TRUE,true
â˜¢ï¸ğŸ¥ğŸ”±ğŸ›¡ï¸ ğŸ…¾ï¸zzy ğŸ–¤ğŸ”ğŸ’¦ğŸ¯ğŸŒ¬ï¸âš¡,names,TRUE,true
Carolina_ChÂ£VÂ¥âœŠğŸ½ğŸ–•ğŸ¾ğŸ§‚,names,TRUE,true
ThicknessğŸ‘,names,TRUE,true
ğŸ‘„Issa_MouthğŸ†ğŸ’¦,names,TRUE,true
on the beat ğŸ’¦,names,TRUE,true
*ğŸŒˆğŸ–•CON$I$+eN+*ğŸ’¨ğŸ’°ğŸ’¦ğŸ‘ ğŸ†ğŸ’ğŸ’™ğŸ’¸,names,TRUE,true
ğŸ‡¯ğŸ‡²Fr@akyDğŸ’£ğŸ†,names,TRUE,true
ğŸ’¥ğŸ–•Papa Marcus ğŸ–•ğŸ’¥,names,TRUE,true
diamondğŸ’°ğŸŒğŸ½â€â™€ï¸ğŸ’¦,names,TRUE,true
Boobie,names,TRUE,true
10ThickInches,names,TRUE,false
NoraağŸ¦‹SmokyTvğŸ¦‹ğŸ#CaressyğŸ€ğŸ–•ğŸ½ğŸ‡²ğŸ‡¦ğŸ‡µğŸ‡±ğŸ–•ğŸ½ğŸ‘…â˜€ï¸,names,TRUE,true
slim thick ğŸ’¦ğŸ‘,names,TRUE,true
mimiwithfatass,names,TRUE,true
DejğŸ’¦ğŸ¤¤ğŸ³ï¸â€ğŸŒˆ,names,TRUE,true
am wixenğŸ†âœŠğŸ’¦,names,TRUE,true
Sloppy Dickk Eater,names,TRUE,false
Kike,names,TRUE,true
ğŸ‡µğŸ‡·Adriana ğŸ‡©ğŸ‡´love thick ğŸ”«ğŸŒˆğŸ’–,names,TRUE,true
BlÃ¼tenpfirsichğŸŒºâ¤ğŸ‘ğŸ‡µğŸ‡±,names,TRUE,true
bbcdaddy574,names,TRUE,true
blowjob,names,TRUE,true
áµ—ğ–ˆğŸ’¯ğŸğŸ¯Sğ•„ğ•€ğ•ƒğ”¼ğ•ğŸ¤˜ğŸ–•ğŸ¤‘,names,TRUE,true
ğŸ’™RobynLynnğŸ’™ âœŒğŸ»ğŸ–•ğŸ»Bishhhhh you wishhhhhğŸ–•ğŸ»âœŒğŸ»,names,TRUE,true
GUDDHEADBIGDADDY,names,TRUE,false
ğŸ–•ğŸ»à½¦à¹‘ fàº¡à»’Kàº® ğŸ–•ğŸ» 2 gà½¢và½›,names,TRUE,true
Mittelfinger Modus... ğŸ–•ğŸ–•ğŸ–•( Í¡Â° ÍœÊ–,names,TRUE,true
milf4me,names,TRUE,true
OHSHITTTTTTğŸ‘…,names,TRUE,false
ğŸ’‹ğŸ‘BootyliciousğŸ’‹ğŸ‘,names,TRUE,true
"A,niceGuyHereğŸ˜ğŸ–•",names,TRUE,true
idoprettyshit,names,TRUE,false
Mr.No picks ğŸ­ğŸ˜ˆğŸ˜ˆğŸ­ğŸ–•ğŸ¼ğŸ–•ğŸ¼,names,TRUE,true
Daddy ğŸ’¦,names,TRUE,true
ğŸ’¦ğŸ’¦ÙªğŸ˜‹WÃ«Ä‘Ã–ğŸŒ±ğŸŒ± check ma BÃ¯Ã¶ğŸ˜‹ğŸ’¦,names,TRUE,true
Dominatrix,names,TRUE,false
cutthoatshit209,names,TRUE,false
ğŸ’¦ğŸŒ¹HeliağŸŒ¹ğŸ’¦,names,TRUE,true
Milf lover,names,TRUE,true
HalÄl Uwe AK47 ğŸ†ğŸ‘,names,TRUE,true
10inchBBCğŸ‡­ğŸ‡¹ğŸ†ğŸ’¦,names,TRUE,true
ğŸ‘…ğŸ’¦ Daddys fav ğŸ’‹,names,TRUE,true
mzlilphatbooty,names,TRUE,true
âš¡ï¸á¶»áµ‰Ê³â°á¶ áµ˜á¶œáµË¢á´³á¶¦áµ›áµ‰â¿enLightnmeâš¡ï¸,names,TRUE,true
Savage DğŸ†,names,TRUE,true
KuChiğŸ˜SaUcEğŸ’¦,names,TRUE,true
ThickaThanAMothaFuckinSnicka,names,TRUE,true
ğŸŒ‘ SUAVECITOğŸ–•,names,TRUE,true
Mr. BTA (ğŸ†ğŸ‘…ğŸ‘…ğŸ’¦ğŸ’¦),names,TRUE,true
ğŸŒ—ğŸŒŠğŸ’¦ ğ“œğ“¸ğ“¸ğ“· ğ“¡ğ“²ğ“¿ğ“®ğ“» ğŸŒˆ ğ”´ğ”¦ğ”¡ğ”¢ğ”¯ ğ”±ğ”¥ğ”ğ”« ğ” ğ”ªğ”¦ğ”©ğ”¢,names,TRUE,true
ğŸ‡·ğŸ‡ºâ‚±â±¤Ã˜â‚®Ã˜â‚®Éâ‚±É†ğŸ‡·ğŸ‡º#fuckoff,names,TRUE,true
ğŸ¦¦ğŸ”«â„™ğŸ…°ï¸ğŸ…¿ï¸ÃÄ¯ â’½â“ŠNÌ†ÌˆğŸ…³ğŸ†OÍ¡ÍœğŸ§¿ğŸš€ğŸ’¨,names,TRUE,true
bigbooty bottom,names,TRUE,true
7inchMan,names,TRUE,false
BoobieBee,names,TRUE,true
bigbootyturkishgal,names,TRUE,true
ğŸ‘Pain in theğŸ‘,names,TRUE,true
rawshitonly400,names,TRUE,false
ğŸ”«ğŸ’¯Î²ÅVÄÎ²Ã˜Ã˜ğŸ’˜ğŸ›©â“ƒâ’»â“ğŸ‰,names,TRUE,true
áµ€áµ€á´°/á´¸â±Ë¡áµ€Ê°â±á¶œáµ Jedi ğŸ›¸ğŸ…ğŸ‘ğŸŒ¹ğŸ¥€ğŸŒ²ğŸŒ…ğŸ’¨,names,TRUE,true
Rose Blue Raspberry BabeğŸ¤¤ğŸ’™ğŸ’¦,names,TRUE,true
ğŸ‘ğŸŒŸtwinkle ğŸŒŸğŸ‘,names,TRUE,true
DLbro4broğŸ¤·~ Read bioğŸ†,names,TRUE,true
Mr2Real2Bullshit,names,TRUE,true
áµá´¬Ë¢Ë¢ğŸŒš#OG MamiğŸ—Reina NylağŸ‡«ğŸ‡·ğŸ‡µğŸ‡· #NylaShhnacksğŸ‘,names,TRUE,true
â™Šï¸ğŸ³ï¸â€ğŸŒˆğ’®â„¯ğ“ğ“ğ“ğŸ‘â„¬â„¬ğ’²ğŸ³ï¸â€ğŸŒˆâ™Šï¸,names,TRUE,true
bbcdrifter,names,TRUE,true
Bebeshitax,names,TRUE,false
âœŒï¸Amrin /Team>âœŒï¸. â¤ï¸.ğŸ–•,names,TRUE,true
Shaquille KğŸ†ğŸ†ğŸ†ğŸ†,names,TRUE,true
Sexotte,names,TRUE,true
ğŸ’ â„â„•ğ”¾ ğŸ’ ğŸ¾ï¼·ï½‰ï½‡ï½‡ï½‰ï½… Ñ•Ğ¼Î±â„“â„“Ê‘ à¼„ê¨„ğŸ’ğŸ”«,names,TRUE,true
Iâ¤ï¸Dykes,names,TRUE,false
DATNIGGA07,names,TRUE,true
Aggressive6oaaaRastaa ğŸ‡¯ğŸ‡²ğŸ”«ğŸ‘­,names,TRUE,true
ActiveslimğŸ’¦ğŸ˜¬ğŸ¤¸ğŸ½â€â™€ï¸,names,TRUE,true
ğŸ’JJAMOURğŸ‡¯ğŸ‡²ğŸ‡ºğŸ‡¸ Yo baby daddyğŸ˜‚ğŸ’¦,names,TRUE,true
ChUnKÂ¥BuMğŸ‘somebody buy me ğŸ˜Š,names,TRUE,true
Daddy Z Never mind that ğŸ–•,names,TRUE,true
ğŸ’‹ğŸ‘ğµâ™¡âğ“‰ğ“â™¥ï¸ ğ’®ğ“‚ğ’¶ğ’¸ğ“€ğŸ‘ğŸ’‹,names,TRUE,true
Kike Contreras,names,TRUE,true
ğŸğŸ’¯â™ï¸Iâ€™m Da GOATğŸ‘…ğŸ±ğŸ’¦,names,TRUE,true
fingring masterğŸ–•,names,TRUE,true
RightGame_WrongNigga,names,TRUE,true
Georgia Peach ğŸ‘,names,TRUE,true
ğŸ˜âœŒğŸ½i B D-BestğŸ•¶ğŸ–•,names,TRUE,true
DramaNFuckNiggaFreeğŸ¤ªğŸ¤ª,names,TRUE,true
ğŸ…±ï¸ğŸ…¾ï¸Sâœï¸ğŸ…¾ï¸N.â­•Uâœï¸LğŸ…°ï¸W ğŸ–•ğŸ˜·ğŸ–•,names,TRUE,true
pussymagnet,names,TRUE,true
ğŸ–•ğŸ» áµ–áµ’á¶œáµáµ‰áµ—áµ‡áµ˜áµ—áµ—áµ‰Ê³SJ ğŸ–•ğŸ»,names,TRUE,true
freaky_fatboyğŸ‘…ğŸ‘…ğŸ‘…ğŸ‘ğŸ‘,names,TRUE,true
cherisexo,names,TRUE,true
ğŸ–•YOğŸ©¸MEMPHIS,names,TRUE,true
bootylicious82,names,TRUE,true
MEEDO LICKALOT SHIT,names,TRUE,false
MarlyğŸ–•ğŸ¾ğŸ”¥ğŸ–•ğŸ¾,names,TRUE,true
ğŸ¤ªğŸ¤‘ğŸ’ğŸ’¦Crazyâ€‹ GirğŸ’¦ğŸ’ğŸ¤‘ğŸ¤ª,names,TRUE,true
ğŸ’™ğŸ’¦Juicee Froot ğŸ’¦ğŸ’™,names,TRUE,true
Shocky shockin-shit,names,TRUE,false
ğŸ–•ğŸ–•JacquelineğŸ–•ğŸ–•,names,TRUE,true
âœˆï¸JetBerry I Got Da JuiceğŸ’¦ğŸ“ğŸ’ğŸ‘œ,names,TRUE,true
ğŸ’¦DIMEğŸ’¦,names,TRUE,true
99bbcom,names,TRUE,true
ğŸ‘…ğŸ’¦Oj The juicemanğŸ‘…ğŸ’¦ğŸ†,names,TRUE,true
Gars gottağŸ‘…ğŸ˜ºbefore I ğŸ–•ğŸ¾...,names,TRUE,true
11 HARD INCHES,names,TRUE,false
The MuthaFukin Cannibal *LeaderOfTheClan*,names,TRUE,false
BOSS DEDE ğŸ˜ğŸ˜˜â¤ï¸ğŸ’°ğŸ’¦ğŸŒˆğŸŒˆ,names,TRUE,true
Lit Niggas,names,TRUE,true
a1trill_nigga,names,TRUE,true
Kiss My Pearl ğŸ‘…ğŸ’¦,names,TRUE,true
shortshit350,names,TRUE,false
1-888-ğŸ“²ğŸ–•ğŸ¾yo feelings,names,TRUE,true
G Î¾â‚¥â‚½IÆ¦Î¾ FUKED UR MOM FAMâ„¢ï¸ï¸,names,TRUE,false
Dicker,names,TRUE,false
ğŸ’¦ğŸ’—ğŸ’Tha_JapaneseDollğŸ’ğŸ’—ğŸ’¦,names,TRUE,true
taste_dağŸ‘ğŸ’¦ğŸ¯kitty,names,TRUE,true
IdgağŸ–•ğŸ¾ FactsğŸ’¯,names,TRUE,true
ğŸ¤ªJuicyAssDeeğŸ’¦ğŸ‘,names,TRUE,true
ğŸ‘©Bliss#ğŸ¸#DISAPPEAREDğŸ–•ğŸ¤¡,names,TRUE,true
horny4ever,names,TRUE,true
ğŸ”’ğŸ’• Sparkz Babe Â©ï¸ğŸ­ğŸ†“ğŸ’©â˜„ï¸ğŸ¯ğŸ’¦ğŸ‘€,names,TRUE,true
CreamCakesğŸ’¦,names,TRUE,true
El Chinko DelSnacko Ø®Ù„ÙŠÙ„,names,TRUE,true
aribootyeater,names,TRUE,true
Spooky Stuntman ğŸ¯ğŸ’¥ğŸ”«,names,TRUE,true
Naeomi Too. Gorgeous ğŸ’œğŸ’°ğŸ˜ğŸ’¯ğŸ’‹ğŸ–•ğŸ¿,names,TRUE,true
4â€™8 chinkkerbell,names,TRUE,true
BIGDICKNEEDUğŸ†ğŸ’§,names,TRUE,true
madcunt,names,TRUE,true
neggapussi29,names,TRUE,true
Alonsoâœ”ğŸ’¦,names,TRUE,true
DatNiggaSmokeToMuchğŸ”¥ğŸŒ²ğŸ’¨,names,TRUE,true
Luvkinksleezewomen,names,TRUE,false
Mr.dicku D,names,TRUE,false
BbcHemi,names,TRUE,true
SlimNGGğŸ”«ğŸ’²ğŸ’°ğŸ¤˜ğŸ––ğŸ’ªğŸ˜ˆğŸ™ŒğŸ¤,names,TRUE,true
Mr.Shit,names,TRUE,false
ğŸ—£ï¸á´¼á´´ Ë¢á´´á´µáµ€áµ€ğŸ˜ˆá´·áµáµá´¬á´³á´±á´¹â™ŠğŸ”¥ğŸƒğŸ’¨,names,TRUE,false
TheBigDickkBitchh ğŸ¤£,names,TRUE,true
IHavABabyPenis,names,TRUE,true
ğŸ§šğŸ½â€â™‚ï¸âœ¨ğŸ³ï¸â€ğŸŒˆJehlaniDasaniğŸ’¦ğŸŒˆğŸŒ»,names,TRUE,true
ğŸ‘‘Punk ass 1237ğŸŒTBğŸ–•ğŸ¾ğŸ‘‘,names,TRUE,true
ğŸ–• yeppersğŸ–•,names,TRUE,true
ğŸ—£ğŸŒˆStudLifeâ™‹âš ğŸ’¸ğŸ’¨FuckğŸ’”LOVEğŸ–•ğŸ¾,names,TRUE,true
Crystal_Dew_DropsğŸ’¦,names,TRUE,true
ğŸ˜ˆLaToonDaBadGuyğŸ–•ğŸ½,names,TRUE,true
â™¾KAREEM â™¾Energy #timeizmoney #redrum #spookyshit,names,TRUE,false
Trig ğŸ ğŸ†,names,TRUE,true
Nikki No Fuckz,names,TRUE,true
ğŸ‡µğŸ‡·ğŸ’ğŸ‘ğŸŒˆğŸ‘¹ğŸ˜ˆâ™“ï¸,names,TRUE,true
ğŸ¦†ğŸ‘Southernâ™Šï¸ğŸ¥BoyğŸ¥€ğŸ’™Charm ğŸ¤¨ğŸ™‹ğŸ¼â€â™‚ï¸,names,TRUE,true
ShitğŸ˜ˆDisturberğŸ¤£,names,TRUE,false
Straddl My Face ğŸ’¦,names,TRUE,true
.ğŸ’‰ğŸ’¦ğŸ‘‘,names,TRUE,true
Sunny summer ğŸ’‹ğŸŒŠğŸ”¥ğŸ’¦,names,TRUE,true
Captain save a thotğŸ¦¸ğŸ»â€â™‚ï¸ğŸ‘…ğŸ’¦,names,TRUE,true
PussyFreakğŸ˜»ğŸ¤ªğŸ˜‹,names,TRUE,true
MiyatğŸ’›Axils#EveryInchMatter,names,TRUE,false
ğŸ¦‹ê§tÍ¡ÍœyÍ¡ÍœtÍ¡ÍœeÍ¡ÍœtÍ¡ÍœiÍ¡ÍœfÍ¡ÍœfÍ¡Íœê§‚ğŸ¦‹ ğŸ–•ğŸ¾â™‚ï¸GetğŸ’µ ğŸ‘¸ğŸ¾ğŸ° âš”,names,TRUE,true
ğŸ“ğŸ’DeliciousğŸ‘ğŸ‡,names,TRUE,true
ğŸ†TommyğŸ†ğŸ’¦,names,TRUE,true
ğŸ’¦KayshaTheBest ğŸ‘…,names,TRUE,true
ğŸ–•ğŸ¼sonora,names,TRUE,true
ğŸ–•ğŸ–¤â……â„á¯â„¬â„’á¯ğŸ–¤ğŸ–•,names,TRUE,true
Hot Haze ğŸğŸ‘…ğŸ‘ğŸ’¦ğŸ˜œ,names,TRUE,true
ğŸ–•1 Luv ğŸ–•ğŸ˜ğŸ˜,names,TRUE,true
LatishağŸ’¦ğŸ‘,names,TRUE,true
dickgently,names,TRUE,false
SKEET SKEET SKEET ğŸ’¦ğŸ’¦ğŸ¤£ğŸ¤£,names,TRUE,true
Scorpio â€œtittyboyâ€James 704,names,TRUE,true
idanyeatsbooty,names,TRUE,true
Soltero ğŸ†ğŸ’¦,names,TRUE,true
á´®áµ’Ë¢Ë¢ğŸ†™á´¼á´³Æ’Ê‰Í«CÍ§ĞºÍ­Î¹ÍªÎ·Í£ ğ•°ğ–›ğ–ğ–‘ á´¼á´³á´¿á´¼á´³áµá´±â˜ ï¸â„µÎ±â¸¸Î¯Ã¸Ï—ğ•»ğ–Šğ–†ğ–“ğ–šğ–™ğ•­ğ–šğ–™ğ–™ğ–Šğ–—ğ–ˆğ–šğ–•,names,TRUE,true
ThicknesssğŸ˜‰ğŸ’¦,names,TRUE,true
yellaversfunğŸ†ğŸ‘,names,TRUE,true
"ğŸ–•ğ—¥ğ˜‚ğ˜„ğ—²ğ˜ğ—”ğ˜€ğ˜‚ğŸ–• â€
 â€",names,TRUE,true
â¦ğŸ†ğŸ’¸ê¨„ êª¶uêª¶ ğ“½ğ’¾á »ğ“•ğ’œêª€êª— ê¨„ğŸ’¸ğŸ†â¦,names,TRUE,true
colt.45 Â°|||||Â°ğŸ‘ğŸªğŸˆ,names,TRUE,true
ğŸ‘Gapeachâ€ğŸ‘GradybabyğŸ‘¶bigblue3ï¸âƒ£2ï¸âƒ£ğŸ’•ğŸ’•Holddownthe â¤ï¸â¤ï¸buttonâ¤ï¸â¤ï¸ğŸ˜˜ğŸ˜˜ğŸ’¯,names,TRUE,true
Virgin with a Big ğŸ†,names,TRUE,true
Fat-face-jizza,names,TRUE,false
Duffer randi huğŸ–•ğŸ–•Ma (or)ğŸ¤­merağŸ¤­ ğŸ¤­dalalğŸ–•ğŸ–•chuutadğŸ–•ğŸ–•montanoğŸ–•ğŸ–•,names,TRUE,true
ğŸ’€ğŸ–•ğŸ»ğŸğŸ¼ á´°á´ºá´¬ğŸ§¬...,names,TRUE,true
uwanafuk,names,TRUE,false
ğŸ”¥PACOğŸ“¸ ğŸ˜ğŸ˜ğŸ˜‹ğŸ‘…ğŸ’¦,names,TRUE,true
CARAMEL SWIRL ğŸ’¦ğŸ’–ğŸ‡µğŸ‡·,names,TRUE,true
Hornybitch,names,TRUE,true
ğŸ–•ğŸ¾ğŸ¥¶ Pump Diesel ğŸ¥¶ğŸ–•ğŸ¾,names,TRUE,true
(Mr skillful)ğŸ‘…ğŸ§ğŸ’¦,names,TRUE,true
7/12 á¾ÆÊŸÊ1ğŸ’§Î²Î¹É¢ğŸ¥¶Æ‰ÑÎ¹PğŸ’¦ğŸ’ğŸŒˆ SÌ¸MÌ¸DÌ¸,names,TRUE,true
Cumstroke254,names,TRUE,false
ğŸ˜˜Savage Queen #Vâ‚³â‚±É† â‚´QÉ„â‚³Ä ğŸ–¤ğŸ’‹ğŸ–•,names,TRUE,true
ğŸ’œğŸ’«ğŸ’¥ğŸ…±ï¸ğŸ’¦ğŸ’¥brucey crew,names,TRUE,true
ğ‘®ğ‘„ğŸ‘‘ğŸ‘¸ğŸ¾ğŸ’¦ICEEWETTğŸ’¦,names,TRUE,true
ğŸ‘ğŸ‘bettyğŸ‘ğŸ‘,names,TRUE,true
Riri The SingerğŸ¤ğŸ’¦,names,TRUE,true
just a realnigga wit no kids,names,TRUE,true
7inbbc Gloryhol,names,TRUE,true
ğŸ’¯ğŸ˜œBig Hunter ğŸ±ğŸ†ğŸ’¦,names,TRUE,true
FeetLicking PussyGood,names,TRUE,true
ğŸğŸ‘¸ğŸ¾â„šá¶°ÒœğŸ¤´ğŸ¾ğŸŒˆNAUGHTY SECRETSğŸ’¦,names,TRUE,true
"#ğŸ‡¯ğŸ‡²ja,yardybawy vanillağŸ˜D ğŸ‘…ğŸ†",names,TRUE,true
KTM_ğŸ–•,names,TRUE,true
ğŸ˜œğŸ‘‹always horny,names,TRUE,true
THICK_FINEğŸ’¦,names,TRUE,true
8inlongbbc,names,TRUE,true
â™ï¸ğŸ˜œMY Sauce is only for refined palates! ğŸğŸ‘ğŸ“ğŸ‰ğŸ’,names,TRUE,true
FukDatBihğŸ–•ğŸ–•ğŸ–•,names,TRUE,true
"ItsKennyMotherFukers ğŸ¦‚
 áµ‡Ë¡áµ‰Ë¢Ë¢áµ‰áµˆ
 ğŸ’€ğŸ”ª
 #ğŸ†‡-ğŸ…µğŸ…¾ğŸ†ğŸ…²ğŸ…´
 âš¡",names,TRUE,true
ğŸ”«wirağŸ‡®ğŸ‡© SAUNGğŸ”°$MÎ²ğŸ ,names,TRUE,true
ä¸…áµ˜Ê³á¶°ğŸ†™ğŸ˜œ9zero7ğŸš¬Smokin-One #Fukdisapp,names,TRUE,false
ChUnKÂ¥BuMğŸ‘Tkx PabloğŸ¥°,names,TRUE,true
ğŸ’£Wild ChildğŸ’£ ğŸ’¥ğŸ–•ğŸ»mr boss á°ğ’œÎ´Î±Ï‚Ï‚ ğ˜–ğ˜œğ˜›ğ—Ÿğ—”á‡ğ’®ğŸ–•ğŸ»ğŸ’¥,names,TRUE,true
bigbootyKyleğŸ¥´,names,TRUE,true
ğŸ’¦bukakeğŸ¤¦ğŸ¼â€â™‚ï¸ğŸ’¦â‰›Ğ²ÌƒÍ‘Ì˜Í…Î±Í¤tÌÌ˜Î±Ê‚Í•Ì¥Â»,names,TRUE,true
ğŸ‘BriBriğŸ‘,names,TRUE,true
ğŸ”‘ğŸ‘ğŸ’œSpicey_lady69ğŸ’œğŸ‘ğŸ”‘,names,TRUE,true
SabrinaağŸ’¦ğŸ¤·ğŸ¾â€â™€ï¸,names,TRUE,true
bbcplug,names,TRUE,true
MAYSUN ğŸ—£ï¸ğŸ’¦ğŸ”¥ğŸ™ï¸,names,TRUE,true
Six Stroke Speed ğŸ†ğŸ’¨ğŸ’¦ğŸ‘Œ,names,TRUE,true
QÃ¼ÄÃ¿Å Ã£vÄgÄ™Ä— (4KT)ğŸ”«ğŸ¤ŸğŸ½ğŸ’¯,names,TRUE,true
DaddyyğŸ˜ˆğŸ’¦,names,TRUE,true
ğŸ’£TeHLiKeLiğŸ”ªHaTuN ğŸ”«,names,TRUE,true
kingâ¤ï¸ğŸ‡¯ğŸ‡²ğŸ‘‘ğŸ†,names,TRUE,true
Tease SubğŸ‘…ğŸ’¦ (Read bio),names,TRUE,true
fine504shit RğŸŒˆOğŸ’¦BğŸŒˆYğŸ’¦N,names,TRUE,true
ğŸ’ªğŸ¾ğŸ–•ğŸ½ğŸ’™KEONTE,names,TRUE,true
Kike Kramer,names,TRUE,true
curvymilf91,names,TRUE,true
ğŸ’‹ğŸ’¦ Mz.piyiğŸ’‹ğŸ’¦,names,TRUE,true
ğŸ‘‘ScorpioQueenğŸ¦‡á¶ áµ˜á¶œáµáµ—áµƒÊ³áµˆğŸŒºğŸ³ï¸â€ğŸŒˆ2.0,names,TRUE,true
Obelix #ğŸ–•ğŸ» #Mrs.BğŸ’• #ğŸ§©,names,TRUE,true
ğŸ’¦ğŸ’¦mokmokGedeğŸ’•ğŸ’‹,names,TRUE,true
ğŸ–•ğŸ¾ğŸ‘‘MARCO- POLO,names,TRUE,true
ğŸ¥µKENergy Splash ğŸ’¦,names,TRUE,true
7/11ğŸ‰SAVVY SAV.ğŸ…±ï¸ğŸ–•ğŸ¾ğŸ–•ğŸ¾,names,TRUE,true
BEST_HEADGAME22ğŸ‘…ğŸ’¦ğŸ†(Transsexual),names,TRUE,true
BBC12,names,TRUE,true
Juiicy_ricanğŸ‡µğŸ‡·ğŸ’‹ğŸ’¦,names,TRUE,true
ğŸ’¦ğŸ°Red SavageğŸ°ğŸ’¦â­ï¸ğŸ’¨,names,TRUE,true
ComptonAssNigga,names,TRUE,true
ğŸ–•ğŸ»ğŸ’©TopFlightSecurityğŸ’©ğŸ–•ğŸ»,names,TRUE,true
TS Ms.32FLAVORS ğŸ‘…ğŸ‘…ğŸ‘…ğŸ‘…ğŸ’¦ğŸ’¦ğŸ’¦ğŸ’¦ğŸ’¦,names,TRUE,true
PUSSIEBACON,names,TRUE,true
NympoğŸ’¦Islandâ™ˆMamiğŸ‡»ğŸ‡®,names,TRUE,true
ğŸ”«ğŸ’¯Î²ÅVÄğŸ…¿ï¸ğŸ…°ï¸ğŸ…¿ï¸ğŸ…°ï¸Ä†Î”ÅÆ—,names,TRUE,true
AraShemaleBigDIck,names,TRUE,true
fingerbangfun,names,TRUE,true
ğŸ‘‘ğŸ±DIVAâ™ŒğŸ–•,names,TRUE,true
MadTitan9inches,names,TRUE,false
ğŸ–¤ludoğŸ–¤ğŸ–•ğŸ–•,names,TRUE,true
MrBBC38401,names,TRUE,true
SASSYğŸ‡ºğŸ‡¸ğŸ‡¯ğŸ‡²ğŸ˜‹ğŸ†ğŸ‘ğŸŒˆ,names,TRUE,true
ğŸ†ğŸ†ğŸ’¦ThickDick ğŸ˜ğŸ‡ºğŸ‡¸ğŸ‡ªğŸ‡¸,names,TRUE,true
Mr.FuckuBih,names,TRUE,true
Kam ğŸ’¦ğŸ’ªğŸ¾,names,TRUE,true
SamğŸ‘,names,TRUE,true
prettyyellatakeyaniggağŸ¤¡ğŸ˜˜ğŸ¥°â¤ï¸ğŸ¤œ,names,TRUE,true
Anti-filsDpğŸ‘‰ğŸ‘Œ ğŸ–•ğŸ–•ğŸ–•,names,TRUE,true
nazi,names,TRUE,false
BBC For SaleğŸ†ğŸ†ğŸ†,names,TRUE,true
BhadğŸ–•B!tch Wifey #GalaxyLifeğŸ§¬,names,TRUE,true
ğŸ¬â™¦ï¸ THicK CaRaMeLğŸ’‹ğŸ‘,names,TRUE,true
plymhorny25,names,TRUE,true
ğŸ‡®ğŸ‡¨albiitağŸ‡®ğŸ‡¨dÃ­as lluviosos ğŸŒ§ğŸŒˆğŸ’¦,names,TRUE,true
SuperdaveğŸ’°ğŸ’°ğŸ’¦ğŸ‘…ğŸŒ¹,names,TRUE,true
thickumsğŸ˜œğŸ’¦ğŸ‘…â€¼,names,TRUE,true
ğŸ¤˜ GezzeğŸ–•...ğŸ’¯ğŸ’ªğŸ’¥ğŸ™ˆğŸ™‰ğŸ™Š,names,TRUE,true
KicknShit69,names,TRUE,false
yuri fuks,names,TRUE,true
â™ ï¸â™£ï¸ Inconnue. â˜ ğŸ–•,names,TRUE,true
"ğŸ‡®ğŸ‡³à¼šâ› â‡à¼’tÑ”Ñ’à¸„lĞºà¸„à¼’â‡â› à¼šğŸ‡®ğŸ‡³ T
 E
 R
 A
 B
 A
 A
 P
 .ğŸ–•ğŸ–•",names,TRUE,true
Transgender ğŸ‡­ğŸ‡¹ ONLYFANS ğŸ‘,names,TRUE,true
MikeğŸ–•,names,TRUE,true
ğŸ‘Mjhayyyyyyyâ¤ï¸SABâ¤ï¸Ty cLassy ğŸ,names,TRUE,true
áµƒâ±â¿áµ— Ë¢Ê°â±áµ—ğŸ¤™ğŸ¼ğ•¤ğ•¨ğ•–ğ•–ğ•¥ ğ•¥ğ•–ğ•’â™¡ï¸,names,TRUE,false
ğŸ¦„É®É¨ ğ•ŒÕ¼É¨ğ™²à«¦ğš›Õ¼ğŸ¦„ #DMFFâ™ ï¸ğŸ˜ˆğŸ‘‘ğŸ–•,names,TRUE,true
ğŸ’¦juicygirl512,names,TRUE,true
â›“ğŸ’¦Maz-A-KingğŸ’¦â›“ğŸº,names,TRUE,true
Mr. YoungRichNigga,names,TRUE,true
ğŸ’¦NikiğŸ’¦,names,TRUE,true
MofnamğŸ»ğŸ·ğŸ’¦,names,TRUE,true
Æ‘Ê‰Í«cÍ§ĞºÍ­Î¹ÍªÎ·Í£ á¦á‚á§á’á–á°á¬á¦á¦ Ûê³ê‹ªêê´ê´ê€¤ê‚ ğŸ–•ğŸ» ê‡ê€ê³ê€˜ê‚ê‹ªêŒšÛ,names,TRUE,true
noughty monkey /stupid as fuk,names,TRUE,false
Stressica#ğŸš½ğŸ‘‘ğŸ—½ DrÍ­.GÍ¤ofÍ£ucÍ«KğŸ¶ğŸ‘‘,names,TRUE,true
ğŸ”«dj MaxğŸ”«â˜ƒï¸ğŸ…,names,TRUE,true
ğŸ’¦LovingLifeğŸŒˆ,names,TRUE,true
LONG BBC,names,TRUE,true
ğŸ†d!sÉ¥ÊÉsÉ¥!nÆƒ dÇÊ‡ÇÉ¹ÆƒÇnÊ‡ğŸ† ğŸ˜­,names,TRUE,true
DanielğŸ’D E BğŸ’ # NÍ­iÍ¤nÍ£jÍ«ağŸ‘,names,TRUE,true
milfhunter24,names,TRUE,true
ğŸ‘…ğŸ†ğŸ­ğŸ¬ğŸ«â‚¬Yâ‚¬CANDÂ¥ğŸ«ğŸ¬ğŸ­ğŸ†ğŸ‘…,names,TRUE,true
Hood CoupleğŸ‘…ğŸ’¦ğŸ†ğŸ’¦,names,TRUE,true
ğŸ‘‘MrBigDik ğŸ¦ğŸ†â›½ï¸ğŸ’¨,names,TRUE,true
ğŸ’£SpaceDuckRockğŸ§¨ ğŸš‚ ğŸï¸PublishedAuthorğŸ”«ğŸ–ï¸ğŸ–Šï¸âš¡,names,TRUE,true
HOÂ®NY PrinÂ©eğŸ’¦,names,TRUE,true
forfecksake,names,TRUE,true
ğŸ‘ğŸ˜œ,names,TRUE,true
lovelyjuicyBBC,names,TRUE,true
verkaufeNudes,names,TRUE,true
"â˜Ê™á´œá´‹á´€á´‹á´‡â˜œ
 .",names,TRUE,true
mr ğŸ‘ğŸ‘ eater,names,TRUE,true
âš½ï¸ ğŸ€â€™z deep ğŸ’§ ğŸˆ booty,names,TRUE,true
Tattooed_kinkstar,names,TRUE,false
ğŸ³ï¸â€ğŸŒˆğŸ‘…ğŸ’¦All about ğŸ’¦ğŸ‘…ğŸ³ï¸â€ğŸŒˆ,names,TRUE,true
Whothefcukisthatguy,names,TRUE,true
fUkKiN á”•á—¯eet á—°iá”•eá–‡y,names,TRUE,true
ğŸ–•ğŸ»SpArKyğŸ–•ğŸ»,names,TRUE,true
ğŸ¤·ğŸ½â€â™‚ï¸ğ”½ğ•¦ğ•”ğ•œâ„ğ• ğ•¨ğ•Œğ”½ğ•–ğ•–ğ•ğŸ–•ğŸ½,names,TRUE,true
ğŸŒŠBig ğŸ† Chu HefnerğŸŒŠ,names,TRUE,true
AlpacinoğŸ‘ŒğŸ”¨ğŸ‘ŒğŸ”¨KINKGOGO,names,TRUE,false
Stacy Raper,names,TRUE,false
ğŸ’¸ğŸ’¸ğŸ”«ğŸ’°WolfğŸ’¨ğŸ’¨ğŸ’¨,names,TRUE,true
Savage ğŸ†ğŸ’¦ğŸ’¦,names,TRUE,true
ğŸ“ğŸ‘QUEEN PEACHEZğŸ‘GğŸ¤˜G,names,TRUE,true
ğŸ‘½ğŸ‘…á´¬Ë¡á¶¦áµ‰â¿á´ºáµƒáµ—á¶¦áµ’â¿ğŸ‘ˆSHOOTERğŸ‘‰ â˜ ğŸ‘½gang gangğŸ‘½â˜ ğŸ–•,names,TRUE,true
JazzyP is back ğŸ–•,names,TRUE,true
ğŸ’‹ #fuckyoliveğŸ˜ğŸ”¥,names,TRUE,true
ğŸ¦…The Naked POETğŸ”¶ï¸JÊŠÖ†È¶ğŸ”·ï¸ÊŠÖ†,names,TRUE,true
ğŸ–•ğŸ»ğŸŒŸğŸ¤ ÒœĞ‡Ò‹ÔŒ Ó©Ò’ tÓ‰Ğ„ Ñ Ó©Ó©Ô€Ğ…ğŸ–•ğŸ»ğŸŒŸğŸ¤  ğŸ¤  ğ–™ğ–ğ–Š ğ–ğ–ğ–“ğ–Œ ğ–”ğ–‹ ğ–ğ–Šğ–‘ğ–‘ğŸ¤ ,names,TRUE,true
ğŸ’šVaginaSlayerSage,names,TRUE,true
Aá´œá´¿á´‡O ğŸ–•,names,TRUE,true
Dom/Master . BDSM.,names,TRUE,true
Yoo ğŸ’¦,names,TRUE,true
hornytoad1971,names,TRUE,true
whğŸ¤ datfuck uğŸ’‰bossbitch,names,TRUE,true
âœ—â„´ ğŸ‘ HeartLess ğŸ‘,names,TRUE,true
Seymour Butts,names,TRUE,true
lessphuck,names,TRUE,true
DarlineğŸ‘ Thickness_Paidd,names,TRUE,true
11InchesOfPleasure,names,TRUE,false
ğŸ•µğŸ¾â€â™‚ï¸ğŸ‘ŒğŸ¾ Owl Pecker BallzğŸ¤¦ğŸ¾â€â™‚ï¸,names,TRUE,true
á´´á¶ áµˆÊ³ â†¬â„³Ïƒnâ’¶â„›câ„‹Ò¯ÛµğŸ‘ AmorağŸ’•,names,TRUE,true
ğŸ”«ğŸ’ Elmos SniperğŸ’ ğŸ”«,names,TRUE,true
Down LoW ğŸ† RiDeRğŸ,names,TRUE,true
â™¢ğŸ’áµ’áµğ’¹ğ’¾ğ’¶ğ“‚.â„´ğ“ƒğ’¹Ë¢á´·áµá´¿á´¿áµ€ğŸ’â™¢ğŸ”«,names,TRUE,true
Banterqueen1980y ğŸ–•ğŸ–•,names,TRUE,true
BBC ğŸ‘ğŸ¿,names,TRUE,true
"#MiiAğŸ‘#TRANS.ORDRAGğŸŒº#don'tjudgeme",names,TRUE,true
ğŸ’¦ğŸ’¦Diamond ğŸ’ WaterğŸ’¦ğŸ’¦,names,TRUE,true
ğŸ–•ğŸ¿THUG RAJAğŸ”«,names,TRUE,true
BOSSğŸ”« KILLER BOYğŸ”« Rohan,names,TRUE,true
RicoğŸ³ï¸â€ğŸŒˆ Transman.ğŸ’¦ğŸ’¦ğŸ‡¨ğŸ‡º,names,TRUE,true
RealNiggah,names,TRUE,true
ğŸ–•ğŸ’¥ğŸ’¥ğŸ”¥TaBuLa ğŸ”¥ğŸ’¥ğŸ’¥ğŸ–•,names,TRUE,true
Lick Her Til She Bust ğŸ˜›ğŸ˜œ,names,TRUE,true
ÃƒMGğŸ’ªSHÃTğŸ¦‹G0ldÃ¯3l0Ä‡ks,names,TRUE,false
ğŸ¤‘Mr BankğŸ«ğŸ’¦,names,TRUE,true
FukDonaldTrump,names,TRUE,false
naked_truth,names,TRUE,true
ğŸ–•ğŸ»#1 LurkerğŸ˜˜ ğŸ–•ğŸ»,names,TRUE,true
$Realnigg@$,names,TRUE,true
Babiiiee Licious ğŸ’¦,names,TRUE,true
Mz.JuicyğŸ‘…ğŸ’¦ğŸŒˆâ™ˆ,names,TRUE,true
ğŸ”« MR.ALLGOODPSSYLIVESMATTER ğŸ”«,names,TRUE,true
ğŸš«.ğŸ–•ğŸ¾.G â™•ğŸ‘‘ Ğºià¸—gğŸ¤´â™› ÏƒÆ’ Ğºià¸—gâˆ‚ÏƒĞ¼sğŸ°,names,TRUE,true
MrğŸ†you Down,names,TRUE,true
booty,names,TRUE,true
ğŸ¦ğŸŒğŸ–•ğŸ¾BULLETPROOF áŸá½á¢â„‹á¬á’ğŸ‘ŠğŸ¾ğŸ¦,names,TRUE,true
SinfullyğŸ‡¬ğŸ‡§BarbieğŸğŸ’¦,names,TRUE,true
BBCBROWNLatin1122,names,TRUE,true
ğŸ¥ğŸ° ÑÎ±ÑÑ” Ğ²ÑÑ”Ñ”âˆ‚ Ï‰ÑÎ¹zzâ„“Ñ” || â€œBâ±áµ SÊ°áµ’áµ’áµ—áµƒË¢ ğŸ”«â€KrissyğŸ’‹ğŸ’…ğŸ½ğŸ‘‘ â˜€ï¸ğŸ¥¡ğŸ­ğŸ§˜ğŸ¾â€â™€ï¸ğŸ’ ğŸ§§ğŸ§šâ€â™‚ï¸ ğŸŒ¼ ğŸ©º ğŸ’ªğŸ¾ ğŸ‘©â€ğŸ’»ğŸ¦ğŸ›³ ğŸ’™ğŸ”¥ğŸ¤ğŸ’  ğŸ¤ğŸ¤ğŸ»ğŸ¾ğŸ¦„ğŸ€ ğŸ¦‹ğŸ™ŒğŸ’ğŸ’« ğŸ‘‘,names,TRUE,true
ğŸ’¦PaKinG.QueeNá´¿á´±á´° á´´á´¼á´¿Ë¢á´± Â².â°ğŸ‡¨ğŸ‡¦B.R,names,TRUE,true
ğŸ—£fuckemup,names,TRUE,true
ğŸ’¦FLOODZONE ğŸ’¦,names,TRUE,true
miss É”É¥aoÆ¨ğŸ–•InÍ­tÍ¤iÍ£mÍ« ğŸ¦…â²˜uÍ­cÍ¤hÍ£oÍ« ğğğ§Í¥ğ§ÍªğÍ¬ğ«ğ³ğ³,names,TRUE,true
beardedasfuk,names,TRUE,false
jizzel,names,TRUE,false
ğŸ’£VDğŸ”«,names,TRUE,true
Kei-squirt-facts ğŸŒˆ,names,TRUE,false
Dick star,names,TRUE,false
ğŸ’¦ğŸ‘PEACHğŸ‘ğŸ’¦,names,TRUE,true
ğŸ³ï¸â€ğŸŒˆğŸ€á´¹á¶ á´·á´º MaleğŸ°Bunny4bbc ğ“¢ğ“ğ“¥ğ“ğ“–ğ“”ğ“© ğŸ€ğŸ³ï¸â€ğŸŒˆ,names,TRUE,true
ğŸ‘‘ğŸ¦JEFFREYTHESNIPERğŸ”«,names,TRUE,true
ğŸ’‹Pretty Thick ThighsğŸ’¦â™“ï¸,names,TRUE,true
ğŸ˜I Ain't ShitğŸ˜,names,TRUE,false
ğŸ’¦ğŸ’¦Aims To please ask stop lookin,names,TRUE,true
Bbc Bruhh,names,TRUE,true
â¤ï¸TOROPAKkğŸ˜Š CharlsğŸ’¦,names,TRUE,true
ğŸŒ¶ï¸ no vabbÃ¨ ğŸ¤¦ğŸ»â€â™€ï¸ğŸ˜˜ğŸ–•â¤ï¸,names,TRUE,true
thebbcnewz,names,TRUE,true
Trent ğŸ†ğŸ˜ˆ,names,TRUE,true
ğŸ–•ğŸ»marisğŸ–•ğŸ»,names,TRUE,true
ğŸ‘€for BBC,names,TRUE,true
Nicol_transgenderâ¤ Fagg,names,TRUE,false
ğŸ§¢ğ•¯ğ–Šğ–›ğ–ğ–‘ğ–ğ–˜ğ–ğŸ˜ˆâ„– Ò’×˜Ğ–ÌˆğŸ–•ğŸ¼RÄ™Ã£d BÃ®Ã¸,names,TRUE,true
Furfag,names,TRUE,false
ğŸ”¥OH_KAÊÙ‰É§AğŸ‘ ğŸ’˜BossLife ğŸ¥°,names,TRUE,true
ğŸ’¦ğŸ’¦.Patricia GÂ®ï¸ğŸ…°ï¸y B.ğŸ‘ŒğŸ‘Œ.,names,TRUE,true
Milfhunter,names,TRUE,true
ğŸ§â€â™€ï¸Drippinâ€™ MelaninğŸ§â€â™€ï¸ğŸ’¦â™ï¸Tee T,names,TRUE,true
MacBrat ğŸ¤ªğŸ˜ğŸ¥° ğŸ”«ğŸ’‹â™Œï¸,names,TRUE,true
IğŸ¤¤BBC,names,TRUE,true
Humberto ğŸ‘ğŸ†ğŸ’¦â¬†ï¸â¬‡ï¸,names,TRUE,true
"#GalaxyLifeğŸ§¬ğŸ˜ˆğŸ–• his baby",names,TRUE,true
007â˜Ÿâ˜ â¢â„¢Æ‘É„Í«á‘•Í§ĞšÍ­Î™ÍªÎ—Í£ â˜ ,names,TRUE,true
englewoodnude,names,TRUE,true
woodpeckerx,names,TRUE,true
ğŸ”¥ğŸ”«BYğŸ²JOKERğŸ”«ğŸ”¥,names,TRUE,true
Mr. RogersğŸ–•ğŸ‘Œ,names,TRUE,true
ğŸ’¦ScorPio LiFe 2ND PaGe ğŸ’¯,names,TRUE,true
imthat_nigga2,names,TRUE,true
ğŸ‘‘TafariğŸ¤™ğŸ¾ğŸ–•ğŸ¾ğŸ¤ğŸ¾ğŸ‘ŒğŸ¾,names,TRUE,true
LUVBIGNIPPLEZ,names,TRUE,true
ğŸ¦‰Æ‘uckin CahğŸ’œğŸ”¹ğŸ”¥,names,TRUE,true
ğ¬ğ‘³Í¢â€£ğŸ¤®ğŸ…ğŸ…–á”•á’ªIá—°Eá—·á—©á—·YğŸ¤®ğŸ–•ğŸ¾â¿,names,TRUE,true
cmz8403ğŸ’ğŸ‘,names,TRUE,true
ğŸ–•ğŸ–•Falko aka OleğŸ–•ğŸ–• #Cenk #Michi #Maria,names,TRUE,true
DC raised (202)ğŸ‘ŠğŸ¾ğŸ’£ğŸ”«ğŸ’ªğŸ¾ğŸ’¯,names,TRUE,true
ğŸ”«ğŸ’¯Î²ÅVÄ_ÄÎ”_ÄÃ˜Å‡ğŸ’š,names,TRUE,true
ğŸğŸ’šğŸ’¦ÅÅIMEEETIMÄ’Ä’Ä’ğŸ—¡ğŸ“½,names,TRUE,true
ğŸ‘PEACHEZğŸ‘,names,TRUE,true
Patrick#FalkoleğŸ–•ğŸ–•,names,TRUE,true
â¦ê§â†ªï¸chinkee tansâ†©ï¸â„¢ï¸ê§‚â§,names,TRUE,true
ğŸŒŠğŸŠâ€â™€ï¸BANYU ğŸ’¦ BIRUğŸŠâ€â™€ï¸ğŸŒŠ,names,TRUE,true
WhoWantToFukTs,names,TRUE,false
paul10inch,names,TRUE,false
Trustno1ğŸ˜ˆğŸ–•ğŸ¼ Taino,names,TRUE,true
ğŸŒˆâ™‹NoFuksGivenğŸ’¨FukğŸ’”LoveğŸ–•ğŸ¾ğŸ’¯,names,TRUE,true
âœŒï¸0 fuks givenâœŒï¸,names,TRUE,true
â™Œï¸ğŸ‘ğ’¦ğ‘’ğ“ˆğ’½ğ’¶ğŸ‘â™Œï¸,names,TRUE,true
Miltarydom bdsmdaddy,names,TRUE,true
Fuck ya life,names,TRUE,true
CarmelğŸ’¦ğŸ’š Subduction,names,TRUE,true
ğŸ”«ğŸ¤¦ğŸ¼â€â™€ï¸ğŸ¤ª,names,TRUE,true
JuicyyBooty,names,TRUE,true
Realnighashit,names,TRUE,false
ğŸ‘‘Ms.50NastyğŸ’ªğŸ½âœ…ğŸ‘‘ğŸ’°ğŸ’¦ğŸ¤«,names,TRUE,true
ğŸŒˆRayRayyğŸ’¦ğŸ‘…ğŸ’œ,names,TRUE,true
Ms. FukLuv,names,TRUE,false
kingbbc101,names,TRUE,true
thisisshite,names,TRUE,false
SexoDiscreto,names,TRUE,true
ğŸ¥¶ğŸ’”BlackJokerğŸ’¦ğŸ’¦,names,TRUE,true
ğŸ…¾ï¸ Â©ï¸ 3ï¸âƒ£ ğŸ…°ï¸ N ğŸ’¦ğŸ‘…ğŸ’¯,names,TRUE,true
machello#â­#ğ“£ğ“®ğ“ªğ“¶ ğŸªğŸ¦†#ğŸ–•ğŸ–•FalkOl,names,TRUE,true
kinkyM4fun,names,TRUE,true
BRAUZZ ğŸ’ªğŸ¼ğŸ’ªğŸ¼ğŸ¤¸ğŸ¼â€â™‚ï¸ğŸ–•ğŸ½ğŸ–•ğŸ½,names,TRUE,true
ğŸ–•Mes tresses JustineğŸ–•,names,TRUE,true
"ğŸ–•ğ““ğ“¸ğ“·ğ“ªğŸ–•ğ“œğ“ªğ“¯ğ“²ğ“¸ğ“¼ğ“ªğŸ–• ØœğŸ–•
 ğ“¡
 ğ“®
 ğ“«
 ğ“®
 ğ“µ
 ğŸ’
 ğ““
 ğ“²
 ğ“ª
 ğ“¾
 ğ“¸
 ğ“·
 ğ“­
 ğŸ’",names,TRUE,true
kikÃ©,names,TRUE,true
phuckhue37,names,TRUE,true
BootyLover723,names,TRUE,true
Ima ğŸ¦ˆğŸ‹ğŸ½â€â™€ï¸ğŸ’ªğŸ½ğŸ¥ŠğŸ’¦ğŸŒŠ,names,TRUE,true
Lul ShooterğŸ”« da donğŸ’¯ğŸ’¯,names,TRUE,true
ğŸ–•ğŸ½mfk  B3@ut!fUl DisasterğŸ–•ğŸ½,names,TRUE,true
Lick my Beef CÏ…rtains,names,TRUE,true
Beef curtains,names,TRUE,true
Don...ğŸ˜œğŸ‘ğŸ§¸,names,TRUE,true
ğŸ°ğŸŒ»FBG! ğŸ‘‘ğŸ¸ğŸ‘ Peachy Peach ğŸ‘ğŸŒŠğŸ‡µğŸ‡·ğŸ’ªğŸ½ğŸ˜œğŸŒªğŸ˜ˆğŸŒ®âš“ï¸,names,TRUE,true
I'mThatNiggağŸ‘…ğŸ’¦,names,TRUE,true
Lyssaa Booty ğŸ‘,names,TRUE,true
Phuck Awf,names,TRUE,true
ğŸ“Katie Mug-naioğŸ‘,names,TRUE,true
PrettyBisshğŸ˜œğŸ˜˜ğŸ’ğŸ’¦ .,names,TRUE,true
â™›â´Â²â° Æ‘Ê‰Í«cÍ§ĞºÍ­Î¹ÍªÎ·Í£ â˜…BOSTONâ˜…,names,TRUE,true
ğŸ˜œğŸ‘MARIA KARDASHIAN ğŸ‘,names,TRUE,true
ğŸ’NJğŸ’ğŸ‘… ğŸ’¦Return Of The MackğŸ‘…ğŸ’¦,names,TRUE,true
ğŸ’¥Loco_exhausto#echesessğŸ’¦ğŸ’¦ğŸ’¥,names,TRUE,true
ğŸŒˆğŸ’¦BeAuTiFuL ğŸ’ChAo$ğŸ‡µğŸ‡·ğŸ’‹,names,TRUE,true
ğŸ‘€4ThatGoodğŸ†,names,TRUE,true
ğŸ’¦ğŸ’¦JuicE BoXğŸ’¦ğŸ’¦,names,TRUE,true
ğŸ¦–ğŸğŸ–•ğŸ½â™Šï¸ğŸ‡µğŸ‡­â¤ï¸Sarah,names,TRUE,true
V ğŸ–¤ğŸ¦ğŸ‰â™ˆâ„ï¸ğŸ’¦ğŸ’£,names,TRUE,true
HaleyğŸ‘,names,TRUE,true
ğŸ’¦â¤ï¸ğŸ¦„SQUIRTLE ğŸ‘‘TATTOO QUEENğŸ¦„â¤ï¸ğŸ’¦,names,TRUE,true
RideTheWAVEğŸ’¦,names,TRUE,true
ğŸ˜ˆğŸ‘KÃ¤TÃ¯Ä™ğŸ‘¹ğŸ¤“ğŸ’‹âœ¨ğŸ˜‡ğŸ’–,names,TRUE,true
blessedbeautyâ¤ğŸ’¦,names,TRUE,true
Theironbbc,names,TRUE,true
ğŸ’¦6/26â™¦ï¸ Y'ALL REALLY HATE MEâ™¦ï¸ğŸ’™ğŸ’…,names,TRUE,true
ğ–¤ Æ‘Ê‰Í«cÍ§ĞºÍ­Î¹ÍªÎ·Í£á´¼á´³É–aÌ¨É–É–áƒ§ É oÌ›aÌ¨É¬ ğ–¤ MÌÃ¸Ï—ÏŸâ¸¸É›Æ¦ â„µÑ§â¸¸Ñ–ÌˆÃ¸Ï—,names,TRUE,true
Willie Pâ™ğŸ”«ğŸ­,names,TRUE,true
ğŸ–¤ğŸ’™ORGASM DONORğŸ–¤ğŸ’™ TRUTH SQUAD,names,TRUE,true
Bootyful,names,TRUE,true
ğŸ‡®ğŸ‡¹ğŸ–¤âšœ...Pablo..âšœğŸ’¦ğŸ´â€â˜ ï¸,names,TRUE,true
skinnynigga,names,TRUE,true
11inchTool-juicy,names,TRUE,false
ğŸ‡¯ğŸ‡²DREADCOCKSMANğŸ‡¯ğŸ‡²,names,TRUE,false
KInky Freak,names,TRUE,true
ğŸ’«ğŸŒ¸ğŸ’¦ğŸ’§ğŸ’€ğŸ—ï¸PIKAPOOLğŸğŸ´â€â˜ ï¸ğŸ‡ºğŸ‡¸ğŸ’™ğŸ¦…ğŸ‘€ ğŸ–•NO FUcCKZzğŸ–•,names,TRUE,true
Gi ğŸ˜˜ğŸ’¦ğŸ’¯,names,TRUE,true
ğŸ¤¤ğŸ˜‹Zaddy ZaccğŸ’¦ğŸ‘…,names,TRUE,true
JğŸ’¦ğŸ˜›,names,TRUE,true
BaagMağŸ­ğŸ’¦ğŸ˜ğŸ’°,names,TRUE,true
AaliyahhDaStallionğŸ˜˜ğŸ‘,names,TRUE,true
ğŸ’‹TittyğŸ’‹,names,TRUE,true
ğŸ’§ğŸ›ğŸ’¦Feuchtgebiete 2.0ğŸ’¦ğŸ›ğŸ’§#ğŸ”¥ğŸ¶JennağŸ¶ğŸ”¥,names,TRUE,true
ğŸ†TheGiftAndTheCurseğŸ†,names,TRUE,true
ğŸ‘‘IvÃ¡nğŸ‘‘ ğŸ”«MğŸ”«â¤ï¸â„¢ï¸,names,TRUE,true
Charles â€˜Dah Fukâ€™ Wilson,names,TRUE,false
pussyeatter,names,TRUE,true
ğŸ²â„¤ğ•’ğ••ğ••ğ•ªâ„¤ğ•’ğ•ª | ğŸ”«â„ï¸ğŸ’ğŸ’™â™ ï¸ğŸ¦¸ğŸ»â€â™€ï¸ğŸ¦‹ğŸ¤,names,TRUE,true
Horny Af,names,TRUE,true
Jacob ğŸ”¥nymphoğŸ‘¦,names,TRUE,true
BigBoyShit313,names,TRUE,false
ğŸ‡µğŸ‡·ğŸ’ªCJ1213ğŸ–•ğŸ’¯,names,TRUE,true
ğŸ’¦ğŸ’‹AngelğŸ’‹ğŸ’¦ ~K.I.R~,names,TRUE,true
PussyPirateâ›µâ˜ ï¸ğŸ˜‚ der JOEL ğŸ˜ğŸ­ğŸ§¡ğŸ’‹,names,TRUE,true
Jasmine ğŸ¥µğŸ˜ˆğŸ’¦ğŸ³ï¸â€ğŸŒˆ,names,TRUE,true
"O.T, BigTopğŸ’¦",names,TRUE,true
ğŸŒºğŸ’¦smexğŸŒˆğŸ³ï¸â€ğŸŒˆğŸ‘„ğŸ‘…,names,TRUE,true
Cheyyyy ğŸ«ğŸ’‹ğŸ’¦,names,TRUE,true
ğŸ’¯Real NiggağŸ’¯,names,TRUE,true
bigcockdude,names,TRUE,false
SLIMGOODYğŸŒˆğŸ’¦ğŸŒˆğŸ’¦,names,TRUE,true
ğŸ’‹SexyğŸ¤« Faye ğŸ”¥ğŸ’‹ğŸ¥€ğŸ’¦,names,TRUE,true
ğŸŒˆcÏƒÏƒÒ¡à¹€Îµ É±ÏƒÉ³à¸£Æ­ÎµÉ¾ğŸ‘…ğŸ’¦ ğŸ’°ğŸ¯UÌ·Í­gÌ·ÍªlÌ·Í¤yÌ·Í¬GÌ·Í¤aÌ·Í£Ë¡nÌ·gÌ·,names,TRUE,true
Unb3k4nnt_#ğŸ–•ğŸ¿ğŸŠĞ¼ÑºĞ¸Æ§â€ â“”ÑğŸŠğŸ–•ğŸ¿,names,TRUE,true
Femdom Queen,names,TRUE,true
datniggadee,names,TRUE,true
â¤ï¸Yes i am hotğŸŒ¶ï¸ğŸŒğŸ†,names,TRUE,true
âš”ï¸B;ğŸ”«âš”ï¸,names,TRUE,true
FuckGucci ğŸ,names,TRUE,true
juicybooty202,names,TRUE,true
weedwh0re,names,TRUE,true
ğŸ‡ á´®áµƒáµˆ áµ‡áµ˜â¿â¿Ê¸AFğŸ’¦ğŸ’˜ğŸ§›ğŸ¼â€â™€ï¸â¥ â™¡ğŸ’•,names,TRUE,true
ğŸ’¨ â›½ï¸ LODI..DAA..ğŸ¦ ğŸ”«,names,TRUE,true
Arno ğŸ” Dom 4 Furry Men's ğŸ‘,names,TRUE,true
fukkkpof,names,TRUE,false
ChocolateDrop9898ğŸ’¦ğŸ’œ,names,TRUE,true
kinky42069,names,TRUE,true
JayythaQT ğŸ¦‹âš¡ï¸ğŸ’¦,names,TRUE,true
not_like_yall_giv_a_fuk,names,TRUE,false
Man GoğŸ’¦,names,TRUE,true
ğŸ‡®ğŸ‡³â“‚ï¸Â®ï¸Ã—Ã‘â­•âœŒï¸ğŸ–•â­•ğŸ˜,names,TRUE,true
NAZI,names,TRUE,false
ğŸ‘‘ğŸ†Terrence ğŸ¤¤ğŸ•ğŸ®,names,TRUE,true
DğŸ†CKUDEEP_FL,names,TRUE,true
ğŸ”«ğŸ”«OGpettyTeeğŸ¥¶ğŸ’£ğŸ¤˜ğŸ½GVOğŸ˜stormyğŸ”,names,TRUE,true
ğŸ‘‘ğŸ¦JEFFREYTHESNIPERğŸ”« â€œNBW Team trev familyâ€,names,TRUE,true
ğŸ†IYOTMOTOHğŸŒœğŸ¦„ÊŠÕ¼É¨ÆˆÖ…Ê€Õ¼É¢ÇŸÕ¼É¢,names,TRUE,true
ğŸ³ï¸â€ğŸŒˆMistressBDSMCandiceğŸ³ï¸â€ğŸŒˆ,names,TRUE,true
Luca ğŸ’‹ğŸ’¦,names,TRUE,true
ğŸ’¥ğŸ”¥bukakeğŸ”¥ğŸ’¥,names,TRUE,true
DL ğŸ†ğŸ†SUCKER,names,TRUE,true
AlexisğŸŒˆğŸ’¦ğŸ˜›,names,TRUE,true
Yung $ouf(9MMğŸ”«ğŸ’µ),names,TRUE,true
Cockzilla420,names,TRUE,false
SpaceDuckRock ğŸš‚ ğŸï¸PublishedAuthorğŸ”«ğŸ–ï¸ğŸ–Šï¸âš¡,names,TRUE,true
my lil ass booty ğŸ˜‚ğŸ˜›ğŸ˜˜,names,TRUE,true
Beddl # ğŸ–•,names,TRUE,true
ğŸ’¦Naughty (tbh) BabyBoy ğŸ’¥ğŸ’¯,names,TRUE,true
ğŸ†Only girls ğŸ†,names,TRUE,true
FUKIN WIT U ğŸ˜‚ğŸ–•ğŸ–•ğŸ–•ğŸ˜ğŸ˜ ğŸ–•ğŸ–•ğŸ–•ğŸ˜‚ğŸ˜‚,names,TRUE,true
ğŸ’¦minat69ğŸ’¦,names,TRUE,true
CarlğŸ’¦ğŸ’¦ğŸ’¦ğŸ’¦ğŸ’¦ğŸ”¥ğŸ”¥ğŸ”¥ğŸ”¥ğŸ”¥,names,TRUE,true
tired of all the fakeshit ğŸ’¯,names,TRUE,false
Schokolade ğŸˆ ğŸ« ğŸ‘ ğŸ­,names,TRUE,true
Ceejay(ğŸ–•ğŸ¾gang)ğŸ–¤,names,TRUE,true
Dick Suka,names,TRUE,false
Super FreakğŸ™‹ğŸ‘…ğŸ‘…ğŸ‘ğŸ’•ğŸ’•ğŸ’•ğŸ’“ğŸ’ŸğŸ’ğŸ’,names,TRUE,true
ğŸ”¥i L E ğŸ”¥ L a c a b r o n a ğŸ–•,names,TRUE,true
ass- inspector ğŸ‘ğŸ‘€,names,TRUE,true
ğŸ‘ğŸ’¦ğŸ”—â›½ğŸ’œMizzJuicyğŸ‘ğŸ’¦ğŸ”—â›½ğŸ’œ,names,TRUE,true
STRAWBERRYğŸ’¦ğŸ’¦ğŸ˜œ,names,TRUE,true
Papidaggerdick6,names,TRUE,false
RechardğŸ’¦ğŸ’œ,names,TRUE,true
ğŸ‘‘ğŸ”¥ğŸ¥°Sosa Monroe ğŸ’‹ğŸ’¦ğŸ’œ,names,TRUE,true
BBC PAPI,names,TRUE,true
LookingforpornstarsğŸ‘€,names,TRUE,false
ğŸ’ªJğŸ˜eğŸ˜ŠsğŸ˜˜sğŸ¥³Ã¼ğŸ–•,names,TRUE,true
Fuxk you ğŸ–•ğŸ¾,names,TRUE,true
Bottom Slut ğŸ‘¿ğŸ˜ˆ,names,TRUE,true
kinky kind shinyalt,names,TRUE,true
ğŸ–•ğŸ¾ğŸ¤‘Anthony d4,names,TRUE,true
PerfectSideNigga,names,TRUE,true
ğŸ‘…ğŸ‘‘Ms. Attitude ğŸ™‹ğŸ¾â€â™€ï¸ğŸ«ğŸ’¦,names,TRUE,true
tee teeğŸŒˆğŸŒˆğŸ‘…ğŸ’¦,names,TRUE,true
7/16ğŸ˜ğŸ–•ğŸ¿CEOBanksğŸ˜‚,names,TRUE,true
ğŸ–•ğŸ¼YOğŸ·ğŸš€VI FINESTğŸ‡»ğŸ‡®ğŸ‡µğŸ‡·,names,TRUE,true
realnigga832,names,TRUE,true
Nikol moufulltsğŸ‘„ğŸ’¦,names,TRUE,true
ğŸ’“ğŸ”«ğŸ–•GwğŸ”«ğŸ˜˜,names,TRUE,true
Billy BobğŸ‘,names,TRUE,true
big dik 8 inchiI,names,TRUE,false
Iaintshit20,names,TRUE,false
ğŸ‡² ğŸ‡® ğŸ‡° ğŸ‡¦ ğŸ‘,names,TRUE,true
Chink Wsl,names,TRUE,true
áµ€á´´á´±Æ‘Ê‰Í«cÍ§ĞºÍ­Î¹ÍªÎ·Í£ â‚£Ê€É¨É›Å‹á¸‹Æšáƒ§ GÊŠÑŸğŸ­ğŸ–•,names,TRUE,true
GOODğŸ’¦ğŸ™€,names,TRUE,true
Big Dick Don,names,TRUE,false
TS supAFrK ğŸ‘€ 4 biggğŸ†,names,TRUE,true
JoshyKunt,names,TRUE,false
Nazi,names,TRUE,false
Mi SEMEN en famosas,names,TRUE,true
Rotskie Retarded,names,TRUE,true
Jodie ğŸ–•,names,TRUE,true
ğŸ–•ğŸ¼ğŸ¦‚â™...Los...ğŸ–•ğŸ¼ğŸ¦‚â™,names,TRUE,true
**ğŸ’¨ğŸ’¦MzDee MarieğŸ’¦ğŸ’¨**,names,TRUE,true
ğŸ¥¶ğŸ’™ğŸ˜‡Thickâ™ ï¸ Mocha â™‰ï¸ğŸ˜ğŸ’¦ğŸ’•,names,TRUE,true
ğŸ”¥ N!ggar ğŸ”¥,names,TRUE,true
FIJIğŸ’¦MANGO ğŸ³ï¸â€ğŸŒˆ,names,TRUE,true
"â˜¬à¼’ğ•¯ğ–”ğ–“ğ–” ğ•²ğ–”ğ–’ğ–Šğ–˜à¼’â˜¬ğŸŒ¶ğ•±ğ•¸ğ•· ğ•»ğ–ğ–’ğ–Šğ–“ğ–™ğ–†ğŸŒ¶ğŸ–•
 .
 ï·½
 .
 ï·½
 â˜ 
 . _ ï·½",names,TRUE,true
ğŸ˜Thot NiggağŸ˜ˆ,names,TRUE,true
ğŸ’‹ğŸ’…ğŸ¼1st Lady Jay Luv ğŸ‘ ğŸ–•ğŸ½,names,TRUE,true
BBCYunGMan,names,TRUE,true
bjizzle281992,names,TRUE,false
DFWâ›½ï¸ğŸ”«ğŸ”ª King Prime,names,TRUE,true
â™ ï¸â„ï¸ğŸ°ğŸ§¿QueensnowbunnyğŸ§¿â™ ï¸ğŸ‘,names,TRUE,true
McKinney_BBC,names,TRUE,true
ğŸ¦„ ğŸ‘roseğŸ¦„ ğŸ˜˜,names,TRUE,true
MR...I Dont Give A FuckğŸ”šğŸ”™ğŸ”›ğŸ”,names,TRUE,true
Shitty Woman (Rain) â„¢ã‚¬ãƒãƒ£,names,TRUE,false
ğŸ”¥ğŸ¾Jose ManuelğŸ–•ğŸ”¥,names,TRUE,true
8 inches / 20 cm ğŸ†,names,TRUE,true
Master Key (757) âœŠğŸ‘…ğŸ’¦â™‹ğŸ‡¯ğŸ‡²ğŸ‡ºğŸ‡¸,names,TRUE,true
Kink Mustafa,names,TRUE,false
ğŸ˜˜ğŸ’‹BÄ” Å˜Ä˜Ã„Ä» ÄÃ‘Èš FÃƒÄ¶Ä’ğŸ˜ğŸ’¦ÅÃ…MğŸ’ªâ¤,names,TRUE,true
Æ’Ê‰Í«Â¢Í§ĞºÍ­Î¹ÍªÎ·Í£ Ğ²Ñ”âˆ‚ÑÏƒÏƒĞ¼ Ğ²Ï…â„“â„“Ñƒ,names,TRUE,true
Milfy,names,TRUE,true
ğŸ•¦RebelğŸ‘,names,TRUE,true
FemBoy ğŸ‘…ğŸ’¦ğŸ†,names,TRUE,true
DreğŸ¥µâ›½ï¸ğŸ”¥ğŸ†,names,TRUE,true
boobie144,names,TRUE,true
Ge ry ğŸ’¦,names,TRUE,true
D33pthr04t3r,names,TRUE,true
kjbooty102,names,TRUE,true
ğŸ‡¯ğŸ‡²GlizzyGirlğŸ‡¯ğŸ‡²ğŸ”«ğŸ’šğŸ’„ğŸ¾,names,TRUE,true
Same.Retarded Gold.Digging.Bitches,names,TRUE,true
RealCholleWorld ğŸŒğŸ”«ğŸ¤˜,names,TRUE,true
ColombianğŸŒ´PrincÃ«ssğŸ‘¸ğŸ»BÃ¼stğŸ‚ğŸ‘ğŸ’¦,names,TRUE,true
Zay 10inğŸ¥´ğŸ’¦,names,TRUE,true
mailman big Clitz fetish,names,TRUE,true
Sissy Fag,names,TRUE,false
Fuck Fuck,names,TRUE,true
zÎ±zuğŸ–•ğŸ»ğŸ¦ğŸ‘¦ğŸ»,names,TRUE,true
â­•ï¸ppğŸ”«ğŸ¤§ ShoppağŸ’€â˜ ,names,TRUE,true
(NOPICNOREPLY)$$GetWitIt$$,names,TRUE,false
savagelifeğŸ’¥ğŸ²â›½ï¸ğŸ’°ğŸ”«ğŸ’£,names,TRUE,true
ğŸ‘„ğŸ’¦ S U G A R ğŸ’°ğŸ’¦ğŸ‘„,names,TRUE,true
MR.13INCH,names,TRUE,false
OG Ná´‡á´Rá´‡á´€á´˜á´‡Ê€ ğŸ¶ğŸ®ğŸ–•áµ’áµÊ³áµ‰áµƒáµ–áµ‰Ê³áµáµƒáµâ±â¿áµğŸ–•ğŸ¶ğŸ®,names,TRUE,true
Horny ğŸ‘…ğŸ‘ğŸ˜œğŸ,names,TRUE,true
(ã£â—”â—¡â—”)ã£ Jiggly ğŸ–•ğŸ¤,names,TRUE,true
mrğŸ‘ eater,names,TRUE,true
ğŸ¥˜FoodğŸŒ®P0rnğŸ¥ŸGuyğŸ±,names,TRUE,false
man ğŸ¥¾ â›½ï¸ ğŸƒ ğŸ’¨â„ï¸ğŸ’¦,names,TRUE,true
Ms drive u crazyğŸ¤­ğŸ¤«ğŸ’¦ğŸ‘…ğŸ˜œğŸ˜œğŸ¤ªğŸ¤¤,names,TRUE,true
Ts Wet Mouth (pipe cleaner ğŸ‘…ğŸ†ğŸ’¦),names,TRUE,true
Pussyologist,names,TRUE,true
BigDaddyMarvvğŸ’¦,names,TRUE,true
ÇŸÖ†ÇŸÉ– ğŸ˜€Ö…Õ¼É›ÊÇŸÕ¼ ÇŸÊ€ÊÊğŸ–•ğŸ¼ #ÊŠÊ„Ê„,names,TRUE,true
âŒâŒKyleThePurgeFamAssholeâŒâŒ,names,TRUE,true
CUM THRU PapiğŸ†ğŸ’¦,names,TRUE,true
Suavee ğŸ’¨ğŸ’¦ğŸ‘…,names,TRUE,true
ğŸ–•BadB0YğŸ–•,names,TRUE,true
NymphÃ¸ TrannsğŸ’ğŸ¾â€â™‚ï¸,names,TRUE,true
ğŸ”¥kÆ—Å§Å§y ÂªÆÆŠ ÆŠÂªvÆ—ÆŠğŸ’¦,names,TRUE,true
ğŸ”¥ğŸ’¦PerversoğŸ’¦ğŸ”¥,names,TRUE,true
ğŸ†ğŸ†ğŸ’¦ToyJona ğŸ˜ğŸ‡ºğŸ‡¸ğŸ‡ªğŸ‡¸,names,TRUE,true
7/8ğŸ’¦babygirlğŸ’‹,names,TRUE,true
ğŸ†ğŸ’¦ğŸ’¦ğŸ’¦,names,TRUE,true
mackaykink,names,TRUE,false
N E T O ğŸ–•ğŸ¼ á–´áªá—á—©-á”‘á—´ğŸ–•ğŸ¼,names,TRUE,true
ğŸŒ¹ğŸŒˆğŸ­NANA ğŸ¦‹ğŸ’‹ğŸŒ¹ğŸ’¦,names,TRUE,true
Shay GğŸ’¦ğŸ‘,names,TRUE,true
à¼ºà¼’SÉ§Î±Î´ÏƒÏ‰à¼’à¼»ty ğŸ–•LykağŸ­ğŸ’›,names,TRUE,true
ğŸ”¥420ğŸ¤· áµŸáµá´±á´±á´ºğŸ¤˜É±Ä…Å‹É–áƒ§ğŸ’¨ â„#NoFilterğŸ–•,names,TRUE,true
PornstarboyğŸ˜ğŸ˜ğŸ˜,names,TRUE,false
ğŸ«ğŸ’¦ KrğŸ…°ï¸ve Hershey ğŸ’¦ğŸ«,names,TRUE,true
lil_tink tink ğŸ˜ğŸ«ğŸ’¦ğŸ‘…â¤ï¸,names,TRUE,true
mookiebootyğŸ«ğŸ˜˜,names,TRUE,true
ğŸ’ğŸ‘‘ğŸ–•HeidiğŸ–•ğŸ‘‘ğŸ’,names,TRUE,true
Ryry DGAF ğŸ˜ˆğŸ–•ğŸ¾ğŸ”¥ğŸ”¥ğŸ–•ğŸ¾ğŸ˜ˆ,names,TRUE,true
IttyBittyTitty55,names,TRUE,true
Cockron,names,TRUE,false
ğŸ‘™ğŸ’‹KINKYğŸ’µğŸ’¯,names,TRUE,true
NaughtyğŸ˜ğŸ†ğŸ¤ğŸ‘…,names,TRUE,true
WORTHYğŸ’‹ğŸ˜ˆğŸ–•,names,TRUE,true
Fuck Yourself,names,TRUE,true
Chocolate Martini ğŸ‘ğŸ’ğŸŒˆğŸ‘ğŸ’,names,TRUE,true
ğŸ–•ğŸ™Big City T.P.AğŸ™ğŸ–•,names,TRUE,true
NaaastyNigga,names,TRUE,true
ğŸ’¦á¥Má°á—á’á°á¥á—áá—á°á¥hhğŸ’¦,names,TRUE,true
pu55ylick3r101,names,TRUE,true
"#24/7ğŸ”«.....Martin_19",names,TRUE,true
12inch I live in Texas My Location Shown Up Wrong,names,TRUE,false
ğŸ¥° Tae Lul PrettyAssğŸ’¦,names,TRUE,true
ğŸ”«à¸„Ğº47ğŸ”«_ğŸºLà¹×©à¸„ğŸº_ğŸ’„ğŸ’à¸£à¹€Ğºà¸„Ğ³à¹€à¸„_Õ‡Ñ’Ñ”_à¸„à¸ ï»®à¹€Ñ”ğŸ’ğŸ’„,names,TRUE,true
Shythatniggaa,names,TRUE,true
(read bio asses) Julian&Alyssa,names,TRUE,true
flyyshitonlyy,names,TRUE,false
TsKeedyğŸ’¦ğŸ’¦,names,TRUE,true
2TallBoutIT$,names,TRUE,false
Highas Fuk,names,TRUE,false
Mr.Kink,names,TRUE,false
ğŸ‘‘yaya savage ğŸ†,names,TRUE,true
blackmanbbcc,names,TRUE,true
Nudel,names,TRUE,true
ğŸ”¥ğŸ‘‘ğŸ–•ğŸ¾ğ“¡ğ“®ğ“ªğ“µğ“£ğ“ªğ“µğ“´ ğ“‘ğ”‚ğ“‘ğ”‚ğŸ–•ğŸ¾ğŸ‘‘ğŸ”¥ #ğ’¢ğŸ‘‘ğ¿Í«ğ‘œÍ¦ğ’¸Í©ğ“€Í¥ğ‘’,names,TRUE,true
Miss MamağŸŠğŸ¸ğŸ·ğŸ¹ğŸºğŸ˜¤ğŸŒ³ğŸ‘ğŸ†,names,TRUE,true
NUTONMYBUTTğŸ‘ğŸ’¦,names,TRUE,true
KRAEVINN BLEUğŸ’¦ğŸ”¥ğŸ’™,names,TRUE,true
Hairypig ğŸ·ğŸ’¦ğŸ¤¤,names,TRUE,true
ğŸ–•ğŸ˜»AncorPadrinoğŸ‡®ğŸ‡¨ğŸ’œğŸŒ´,names,TRUE,true
Juicccyyyyyy. juiceğŸ’¦ğŸ’¦ğŸ’¯ğŸ’¯ğŸ’¯,names,TRUE,true
itsthabbc,names,TRUE,true
ğŸ†â“‚ï¸LoYaLTYğŸ—£ğŸ¤˜ğŸ¾ğŸ¤¤ğŸ’¦ğŸ¯ğŸ«ğŸ’°ğŸ’¯ğŸ˜˜ğŸ,names,TRUE,true
AUSTRALIAN ğŸ‡¦ğŸ‡ºğŸ‡¦ğŸ‡º KUNTğŸ–•ğŸ»,names,TRUE,true
itâ€™s Bella bihğŸ‡¨ğŸ‡²ğŸ–•ğŸ¿,names,TRUE,true
ğŸ‘‘ğŸ’¦ Gushy ğŸ’ Good ğŸ±ğŸ’¦ğŸ‘‘,names,TRUE,true
karliğŸ‘©ğŸ¼â€ğŸ¦°ğŸ”«âš°ï¸,names,TRUE,true
BIG FOOTğŸ†,names,TRUE,true
GrÄ™Ä—nMÃ¸nÃŸttÃ¤ğŸ‘¹ğŸ­ğŸ’šğŸ”«ğŸ’°ğŸ”ŒğŸ§©âš¡ï¸,names,TRUE,true
Women4BBC,names,TRUE,true
â­•ğŸ…±ï¸â­•CatFish PETTY ğŸ–•ğŸ¾,names,TRUE,true
Ilove BBC,names,TRUE,true
ğŸ‘á†Í²'Õ á·á†ğŸ…½ğŸ…°ğŸ­],names,TRUE,true
READ BIO ğŸ’¦ğŸ‘…,names,TRUE,true
Love Bug Pinky!â™ï¸ğŸ’¦ğŸ’‹ğŸ‘…,names,TRUE,true
Mydickklongerthenyfeet 9,names,TRUE,false
ğŸ‘PÃ©cheğŸ‘,names,TRUE,true
Sinistergrin ğŸ”«,names,TRUE,true
Ightimafuckwitcha,names,TRUE,true
Keeshia ğŸ’¦,names,TRUE,true
ğŸ¤ğŸ½ğŸŒğŸ‡µğŸ‡·ğŸ‘‘NoChillWilğŸ¥¶ğŸ–•ğŸ½ğŸ˜,names,TRUE,true
sassy36ğŸ‘…ğŸŒˆğŸŒŸğŸ’¦,names,TRUE,true
yeaterdaysdontmeanshit,names,TRUE,false
Dredae ğŸ–•ğŸ¼ğŸ–•ğŸ¼,names,TRUE,true
âºË¢á¶» áµ áµ˜áµ‰áµ‰â¿âœ¨ğ”¸ğ•¤ğ•™ğ•™ ğ•‹ğ•’ğ•¤ğ•¥ğ•šğ•”âœ¨ğŸ‘ğŸ¤¤,names,TRUE,true
JC89ğŸ¤˜ğŸ¤ŸğŸ¤™ğŸ–•,names,TRUE,true
U ALREADY KNOğŸ¤« ğŸ”SSATEEWSğŸ‘,names,TRUE,true
YoungniggaJake,names,TRUE,true
ğŸ¤¤ğŸ‘…ğŸ’¦VaPeEeQuEeNnNnğŸ¤¤ğŸ‘…ğŸ’¦,names,TRUE,true
SlimğŸ…¿ğŸŒˆğŸ’¦,names,TRUE,true
ğ—ªğ—§ğ—™ğŸ–•ğŸ½ğŸ§›ğŸ¾â€â™€ï¸K3ttl3ğŸ¥°ğŸ¤£ğŸ˜œğŸ’¦,names,TRUE,true
ğŸ–•lejeudevievatebaiserğŸ–•ğŸ‰ğŸğŸ‡¨ğŸ‡­ğŸŒ,names,TRUE,true
Suck Your Mudda,names,TRUE,true
Jizzy11,names,TRUE,false
Tino Boss ShitğŸ’¯ğŸ’¯,names,TRUE,false
DickStain Donald,names,TRUE,false
ğŸ¥BruceğŸ‘,names,TRUE,true
ğŸ’¦ğŸ‘…THUNDERTHIGHZZZZğŸ‘…ğŸ’¦,names,TRUE,true
Big MandingoğŸ† C,names,TRUE,true
flashit,names,TRUE,false
UnÂ¡quÂ£ marÂ¡Â£ğŸ‘…ğŸ’¦,names,TRUE,true
ğŸ‘»GHOSTğŸ‘» THE_TITTY _MAN,names,TRUE,true
big ğŸ†ğŸ˜œ,names,TRUE,true
sm00thc0ck,names,TRUE,true
ğŸ”¥ğŸ’¦á´¾áµ‰Ê³áµ’á´¸á¶¦áµáµ‰ Dâ…ˆêª‘Ïêª¶ê«€ğ•«ğŸ³ï¸â€ğŸŒˆğŸ‘ğŸ¦‹,names,TRUE,true
ass- inspector ğŸ§ğŸ‘ /ğŸ¦,names,TRUE,true
ğŸŒ»Trish has sASSğŸ‘á´±á¶œá¶ Ê¸á¶ á¶ á´¬á´¹.,names,TRUE,true
thenakedchef666,names,TRUE,true
Cxckbbc,names,TRUE,true
FUCK2020,names,TRUE,true
Antonia#ğŸ˜‚PÃ¶gchensSideZickeğŸ˜‚#N94ğŸ’¦,names,TRUE,true
ğŸ‡±ğŸ‡¾ğŸ‡µğŸ‡·Goku(z) (tu1)ğŸ‘,names,TRUE,true
ğŸ–•ğŸ¾ğŸ¤˜ğŸ½BigHomie_GEE_VPğŸ–•ğŸ¾ğŸ¤˜ğŸ½,names,TRUE,true
ğŸ™Glenn singsğŸ¶ğŸ§ğŸ°ğŸ­ğŸ¦–ğŸ ğŸ¾ğŸŒ»ğŸ–¤ğŸ’ğŸ’¦,names,TRUE,true
ğŸ…·ğŸ†€ğ˜€ğ—¾ğ˜‚ğ—®ğ—± merpJoshua ğŸ”«ğŸ¤™Redâ™Roland,names,TRUE,true
Qua QuayğŸ†ğŸ†ğŸ’¦ğŸ’¦ğŸ‘ğŸ‘,names,TRUE,true
ImFOOKinLit,names,TRUE,false
SasettğŸ–•#Mr.PerserğŸŒ¹#Momo,names,TRUE,true
Sexduro ğŸ‘…ğŸ’¦ğŸ’¦,names,TRUE,true
ğŸ†,names,TRUE,true
ğŸ‘¾blueEyesğŸ‘¾-ğŸ‘â„ï¸,names,TRUE,true
ZADDY_TATTEDğŸ˜œğŸ‘…ğŸ’¦ğŸ˜,names,TRUE,true
A Bootyologist ğŸ˜,names,TRUE,true
ğŸ–•ğŸ¾Mr. Give You Yo IssueğŸ–•ğŸ¾,names,TRUE,true
thickerprick,names,TRUE,true
ğŸ‘ğŸ…¶ğŸ…´ğŸ†ƒğŸ…´ğŸ…¼ğŸ…±ï¸ğŸ…¾ï¸ğŸ†„ğŸ…½ğŸ…²ğŸ†ˆğŸ‘,names,TRUE,true
Juicy ğŸ‘â™Šï¸,names,TRUE,true
King Koopa#TOPSHELVENIGGA,names,TRUE,true
LuiBdshit,names,TRUE,false
ğŸ’‹ğŸ‘â™Œï¸ AsÃ© â˜¥ğŸ‡¨ğŸ‡ºğŸ‡¨ğŸ‡»,names,TRUE,true
YungCuntryLivin,names,TRUE,true
DickSackEater,names,TRUE,false
Bearmantits,names,TRUE,false
ğŸ’¯MR-19-INCHğŸ’¯,names,TRUE,false
ğŸ€mutherğŸ¼ğŸ—f00kinğŸ€kellyğŸ€ ğŸ—ğŸ— ğŸ—ğŸ—,names,TRUE,false
BBCNEWS,names,TRUE,true
FBGâœ¨ğŸŒ»ğŸ‘Takemetowonderland702ğŸ°ğŸŒ»âœ¨,names,TRUE,true
ğŸŒˆğŸ‘„Ms.kikiğŸ‘…ğŸ’¦ğŸŒˆ,names,TRUE,true
PHAATT/Pretty Blacc ğŸ˜œğŸ¥°ğŸ’¦,names,TRUE,true
BigğŸ†ğŸ†,names,TRUE,true
DaddiesSlutğŸŒšğŸ¥´ğŸ¤£ğŸ¤£,names,TRUE,true
ğŸ†SetğŸ­TripğŸ¤,names,TRUE,true
ğŸ‘ˆâ˜ğŸ‘‰ğŸ‘‡ğŸ–•âœŒ,names,TRUE,true
10inchtel,names,TRUE,false
ğŸ’¦ğŸ’¦ğŸ¤´Wettyâ˜ ï¸ğŸº,names,TRUE,true
MikkÄ«ğŸ‡°ğŸ‡³ğŸ’‹ğŸŒˆğŸ’¦,names,TRUE,true
thug_niggaz_4_ever@hotmail.com,names,TRUE,true
ğŸ¤´ğŸ¾JazğŸ¥ƒ ğŸ“ğŸ–•ğŸ¾ ğŸ™ğŸ¾Blackmon ğŸ‘â„ï¸ğŸ¥‚ğŸ­ğŸšŸğŸŒ…ğŸ‡±ğŸ‡¾ğŸ‡¯ğŸ‡²,names,TRUE,true
Trey day ğŸ˜ğŸ’¦ğŸ˜,names,TRUE,true
Porcha N HoodğŸ”¥ğŸ¤ğŸ˜˜ğŸ˜œğŸ’¦,names,TRUE,true
A pazz esauritğŸ˜‰ğŸ–•,names,TRUE,true
That-nigga U,names,TRUE,true
tiredofbullshit36,names,TRUE,true
â˜ à¦”à§£Ûà§£BukakÃ«Ûà¦”à§£â˜ ,names,TRUE,true
Single Sex Or Group Sex,names,TRUE,true
Mr.F$$kYourCashAppğŸ¤‘ğŸ¤‘,names,TRUE,true
RoyğŸ†,names,TRUE,true
yungsquirt,names,TRUE,false
MOISTIONATER F U C K  B O I,names,TRUE,true
ğŸ¤” ğŸ–•ğŸ¼ğŸ–•ğŸ¼,names,TRUE,true
PhatKatğŸ±ğŸ‘…ğŸ’¦,names,TRUE,true
ğŸ’¦ğŸ’¦.Patricia BğŸ‘€bie.ğŸ‘ŒğŸ‘Œ. .,names,TRUE,true
EddieğŸ‘,names,TRUE,true
MrBigDick,names,TRUE,true
â—‡Allyâ™¡Inâ™¤Wonderlandâ™§ âœŒğŸ–•ğŸ’‹ğŸ¤©,names,TRUE,true
BBC04205,names,TRUE,true
ğŸ’„ğŸ‘ ğŸ’Foxy BrownğŸ“ğŸ’°ğŸ’¦ğŸ’‹,names,TRUE,true
ğŸ‘…ğŸ’¦ğŸ‡µğŸ‡·MR. LONGğŸ‡µğŸ‡·ğŸ’¦ğŸ‘…ğŸ’¦,names,TRUE,true
ğŸŒªWáµƒË¢Ê° áµ˜Ê³ áµˆáµƒáµâ¿ Ê°áµƒâ¿áµˆË¢ ğŸ§¼ ğŸ§¼ ğŸ”«ğŸ˜œ,names,TRUE,true
ğŸºğŸ–•ğŸ¾ğŸ’¯BÂ£OBğŸš« GRÎ”Î DDUTCHÎ£SğŸº,names,TRUE,true
slim_thickğŸ‘Bri,names,TRUE,true
ArElY ğŸ˜˜ğŸ–•ğŸ¼Tu MaMaCiTağŸ’‹,names,TRUE,true
Kooko Kike,names,TRUE,true
bigdaddyğŸ‘…ğŸ‘…ğŸ‘…ğŸ’¦ğŸ’¦,names,TRUE,true
Alex ğŸ‘ #Wildesdingâ¤,names,TRUE,true
JAZELLE ğŸ˜‰ğŸ’¦,names,TRUE,true
ğŸSharartiğŸ†BetağŸ,names,TRUE,true
ğŸ¤˜ğŸ¾ğŸ–•ğŸ½ğŸ˜¤ï¼³ä¸¹âˆ¨ä¸¹ãƒ ãƒ¢ğŸ…¿ğŸ…°ğŸ…½ğŸ…³ğŸ…° ğŸ®ğŸ¼,names,TRUE,true
ğŸŒ  ğŸ”¥ATEÃŸÅÅÅ ğŸ¤ŸğŸ’¦ğŸ”¥ğŸ§¿ğŸ’§,names,TRUE,true
ğŸ’¦BLUEwaterğŸ’¥ğŸ’¨,names,TRUE,true
Shits N Gigs,names,TRUE,false
squirting and gassing,names,TRUE,false
Valentino ğŸ’¦,names,TRUE,true
ğŸ–•ğŸ¼YO ğŸ· ğŸš€FINESTğŸ‡»ğŸ‡®ğŸ‡µğŸ‡·,names,TRUE,true
ğ™²ğš‘ğšğšğš” ğ™° ğ™±ğš˜ğš˜ğŸ–•ğŸ’¥ğ†.ğ•.ğğŸ’¥ ğŸ§©ğ”ğğ”ğŸ¤˜,names,TRUE,true
Demond 4 Life ğŸ’µâ›½ï¸ğŸ–•ğŸ¾ğŸ’¯,names,TRUE,true
ğŸ”Š ğŸ‡¹â€‹ğŸ‡¦â€‹ğŸ‡µâ€‹ğŸ‡¦â€‹ğŸ‡³â€‹ğŸ‡®ğŸ¤ğŸ’¦,names,TRUE,true
Faccio pompiniğŸ½ğŸ’¦,names,TRUE,true
JayyyouhoeeğŸ–•ğŸ¾ğŸ–•ğŸ¾,names,TRUE,true
Lil Ron RonğŸ–•ğŸ¾ğŸ‘£ğŸ‘£,names,TRUE,true
Daeus ğŸ”¥ğŸ‡µğŸ‡±ğŸ’¦,names,TRUE,true
ğŸ‰ğŸ¤Ÿ1st LADYğŸ’¦ğŸ‡¯ğŸ‡²ğŸ’§Î²Î¹É¢ğŸ¥¶Æ‰ÑÎ¹PğŸ’¦,names,TRUE,true
Bigg CocğŸ†ğŸ†ğŸ†,names,TRUE,true
FuckYourWave,names,TRUE,true
ğŸ‘‘Thugarellaâ˜”ï¸ğŸ”«ğŸ¥€â„ï¸,names,TRUE,true
ğŸ–•ğŸ‘ŒAnthonyğŸ‘ŒğŸ–•,names,TRUE,true
I eat the bootyhole,names,TRUE,true
ğŸ–•ğŸ»OxOMCMLXXXIğŸ–•ğŸ»#FreeNani,names,TRUE,true
ğŸ’£miss dynamite#I.D.G.A.FğŸ–•,names,TRUE,true
Too old for the dumb shit... ğŸ¥ŠğŸ”¥ğŸ–•,names,TRUE,true
ğŸ–•ğŸ»Kiğ•iii ğŸ˜ğŸ³ï¸â€ğŸŒˆ,names,TRUE,true
Ghostt RydağŸ‘»ğŸ”«âš°â˜ ğŸ’€,names,TRUE,true
Amazing ğŸ‘Ass,names,TRUE,true
justfuknnaround,names,TRUE,false
bbc Daddy,names,TRUE,true
HORNY LOOKING NOW,names,TRUE,true
Solid Ass Niggaa,names,TRUE,true
Top notchKay ğŸ¤‘ğŸ’¦,names,TRUE,true
FuckMyThroat,names,TRUE,true
Dxck Like A BrickğŸ†ğŸ˜œ,names,TRUE,true
NewredroseğŸ‘,names,TRUE,true
ğŸ¦‹DilarağŸ¦‹/ğŸ’¦à¸„ÑŠÆ¨Ïƒï¾šÎ¹ÆšÒ½â„¢ğŸ’¦,names,TRUE,true
bbcslim123,names,TRUE,true
ğŸ‘€4cloutğŸ–•ğŸ’ªğŸ¥³,names,TRUE,true
ğŸ’‹Picture me ROLLINğŸ’‹ ğŸ¤ªğŸ–•,names,TRUE,true
J J ğŸ¤¢ KING ğŸ‘‘ OF ğŸ–•ğŸ¼ UGLYğŸ¤¢ğŸ¤¢,names,TRUE,true
Lil Raindrop ğŸ’¦ğŸŒ§ğŸŒ¦,names,TRUE,true
BÌˆÌ¤IÌˆÌ¤GÌˆÌ¤ğ”»ğ•£ğ•šğ•¡6â€™6ğŸ’¦ğŸ’¯,names,TRUE,true
mike loweryyyğŸ’¦ğŸ’§ğŸš€ğŸš€ğŸš€,names,TRUE,true
â€¼ï¸ğŸ–•ğŸ»ğŸ¤ªKğŸ¤ªğŸ–•ğŸ»â€¼ï¸,names,TRUE,true
æ¡ƒğŸ‘,names,TRUE,true
KingOfRimming,names,TRUE,true
ğŸ’„Æ‘Î¹Î·Ñ”Î‘Ñ•Ñ•ÎÎ±Ñ”Ñ” ğŸ¥µ GğŸ’¸ ğŸ–•ğŸ¾D,names,TRUE,true
ms.geturightmarieğŸ‘…ğŸ’¦ğŸ’¦,names,TRUE,true
justforshitsandfiggles,names,TRUE,false
DaqueenğŸ’‹ğŸ‘…ğŸ’¦ğŸ˜ğŸ˜œğŸ˜›ğŸ’ğŸ¤‘,names,TRUE,true
ğŸ§šğŸ»â€â™€ï¸Miss. JuicyğŸ’¦ğŸ‘…,names,TRUE,true
ğŸ‡§ğŸ‡§ğŸ‘©ğŸ½â€âš•ï¸PÏ…Ñ•Ñ•y Ò’aÎ¹ryğŸ§šğŸ½â€â™€ï¸ğŸ‡¯ğŸ‡µ,names,TRUE,true
Maggie ğŸ–•ğŸ¼ğŸ’™,names,TRUE,true
Chocolate Hennessy ğŸ«ğŸ’¦,names,TRUE,true
SiDeNiGGa27,names,TRUE,true
Mr. Freaky ğŸ‡¯ğŸ‡²ğŸ“ğŸ“ğŸ‘…ğŸ’ğŸ’¦ğŸ“,names,TRUE,true
ğŸ‘‘King AssholeğŸ‘‘ #LibraGang #MYBOG!,names,TRUE,true
Shit On A Shank,names,TRUE,false
â„ğŸ° FlOsSy&BoSsYğŸ‘â„ #BoSsBishhâœ…,names,TRUE,true
T.TopsideğŸ”¥ğŸ‘#ğŸ˜ˆâ¤ï¸ğŸ–•â¤ï¸,names,TRUE,true
ğŸ¾âš“ÎœÅ.Î”ÎœÎ”Å½Æ—Å‡Ç¤ğŸ’£ğŸ”¥ğŸ’¦ğŸ¾ğŸ±fairyğŸ¦‹,names,TRUE,true
H.D The Head Director ğŸ’¯ğŸ‘ğŸ˜»ğŸ‘…ğŸ’¦ğŸ”¥,names,TRUE,true
ğŸ–•ğŸ¼,names,TRUE,true
TuVasEtreDecuğŸ¤·â€â™‚ï¸ğŸ–•,names,TRUE,true
Amarley ğŸ† ğŸ’¦ ğŸ‡©ğŸ‡´,names,TRUE,true
Dr.ClitLickingtonJr.PHDğŸ‘…ğŸšğŸ’¦ğŸ’¦,names,TRUE,true
Dre don'tplayğŸ”«,names,TRUE,true
OG apeshit,names,TRUE,false
SmileyReddğŸ’¦,names,TRUE,true
Oochie WallyğŸ‘ğŸ’¦,names,TRUE,true
Taste'N Rainbows ğŸ‘…ğŸ’¦ğŸŒˆ,names,TRUE,true
ğŸ‘â“‚ï¸s LÃ¶lliPÃ¶PğŸ‘…ty â˜…å½¡ğŸ†ğŸ…¾ğŸ…±å½¡â˜…,names,TRUE,true
Miss Booty,names,TRUE,true
SexySlimğŸ˜ğŸ’¦ğŸ‘„,names,TRUE,true
FuckYou215,names,TRUE,true
MÃ©chant ğŸ˜ˆğŸ†,names,TRUE,true
â™ï¸âœˆï¸Sagsquirter29ğŸ›³â™ï¸,names,TRUE,false
WixxenğŸ˜ğŸ’¦,names,TRUE,true
bearsexnap,names,TRUE,false
fukwatyaherd,names,TRUE,false
followthadripğŸ’¦,names,TRUE,true
Æ‘Ê‰Í«cÍ§ĞºÍ­Î¹ÍªÎ·Í£ê€¸êê€¸ê€¸êŒ© ê€­ê‚¦ê€˜êŸê‹ª â‚®à½à½› à»’à½à¸¨Æ¶à½¢à½› à¹‘à½¦à½›,names,TRUE,true
Onmyshit410,names,TRUE,false
cutiepatootiewithabooty,names,TRUE,true
twerkboi ğŸ‘,names,TRUE,true
londoncumsgold_,names,TRUE,false
ğŸ•´ï¸ 24/7 ScarfaceğŸ”«,names,TRUE,true
WitDaShit404,names,TRUE,false
drip dripğŸ’¦ğŸ’¦,names,TRUE,true
ğŸ§ŠÃ‡Ã¼rÅÅ¼ğŸ§ŠğŸ’”ğŸ’¦ ğŸ’,names,TRUE,true
âºË¢á¶» áµ áµ˜áµ‰áµ‰â¿âœ¨ğ”¸ğ•¤ğ•™ğ•™ ğ•‹ğ•’ğ•¤ğ•¥ğ•šğ•”!âœ¨ğŸ‘ğŸ‘€,names,TRUE,true
hersheybbc,names,TRUE,true
BBC Sucker,names,TRUE,true
ğŸ¶MARY IS BACKğŸ¶Team Vaff...ğŸ–•ğŸ–•,names,TRUE,true
Frans H ğŸ‡¿ğŸ‡¦ğŸ†ğŸ‘ğŸ¼,names,TRUE,true
ğŸ˜ˆMoeâ€˜ğŸ˜ˆ #DR.FUCKğŸ” #ğŸ,names,TRUE,true
ğŸ’¥ğŸ’¥ğŸ”« Hitta,names,TRUE,true
JhonğŸ‘½ğŸ–•ğŸ¤™,names,TRUE,true
MaxğŸ–•ğŸ½ Xam,names,TRUE,true
ğŸ†ğŸ†,names,TRUE,true
ğŸğŸ‘Antonia29ğŸ‘ğŸ,names,TRUE,true
fÎ¹Ğ¸Ñ”Ñ•Ñ•Î¹Ğ¸_Ñ•Ğ½Î¹Ñ‚Ñ‚Î¹n_on-eĞ¼,names,TRUE,false
âœ¨ğŸ‘Gk0 Jo ğŸ‘âœ¨ No2,names,TRUE,true
ğŸ’¦ á´°áµƒ á´®áµƒâ¿áµˆ ğŸ‘¸ğŸ¼áµŸáµá´±á´±á´º Waterfalls,names,TRUE,true
Dicck Hit ğŸ’¦,names,TRUE,true
looking4goodpussy,names,TRUE,true
ROâ˜ HITğŸ”«SARKARğŸ‘ˆ,names,TRUE,true
ğŸ˜µğŸ”«aÌµÌµnÌµÌµoÌµÌµtÌµÌµhÌµÌµeÌµrÌµÆ‘Ê‰Í«cÍ§ĞºÍ­Î¹ÍªÎ·Í£BÌµÌµaÌµÌµsÌµÌµtÌµiÌµğŸ˜˜ğŸ¤«,names,TRUE,true
fukdafame,names,TRUE,false
9inchğŸ† black,names,TRUE,true
â‚‚â‚‚â‚„ğŸ®FukN Shay ShayğŸ®ğŸ˜ğŸ”«,names,TRUE,true
Destiny BğŸ˜˜ juicy juice boxğŸ’¦,names,TRUE,true
áµ€Ê°áµƒáµ—Æ‘Ê‰Í«cÍ§ĞºÍ­Î¹ÍªÎ·Í£É¹ÇÊÉ”nâ„² ğŸ–•,names,TRUE,true
LiddiağŸ‘…ğŸ‘„ğŸ‘ğŸ­,names,TRUE,true
bbc slave,names,TRUE,true
ğŸ˜ MEAN_ğŸ‘ASS_ğŸ·PIGG,names,TRUE,true
PrezğŸ…±ï¸ğ•„ğŸ…¾ï¸ğŸ’ğŸŒ€ğŸ—â’¸â’½â’¶â“‡â“â’¾â’ºğŸ—ğŸŒ€ğŸ«ğŸ–•,names,TRUE,true
ğŸ¦›HunnngggrrryyyyHippoğŸ¦› ğŸ‘AssssğŸ‘,names,TRUE,true
KğŸ”« ğŸ‡ºğŸ‡¸,names,TRUE,true
Papi Chulo Rompe CuloğŸ’¯ğŸ’¦ğŸ”¥ğŸ‹ï¸â€â™€ï¸ğŸ’µ,names,TRUE,true
á´³áµ’áµ’á¶ Ê¸ğŸ––á´³áµƒâ¿áµâœ¨ğ•‹ğ•™ğ•’ğ•¥ ğ”¸ğ•¤ğ•™ğ•™ ğ•‹ğ•™ğ• âœ¨ğŸ‘ğŸ‘€,names,TRUE,true
Big dick 4 old,names,TRUE,false
ğŸ’¦AlexğŸ’¦ ğŸ¤˜â¤Poyaâ¤ğŸ¤˜,names,TRUE,true
Bbcnastyfreak,names,TRUE,true
Horny ğŸ‘…ğŸ‘ğŸ˜œ,names,TRUE,true
Squirtinator,names,TRUE,false
QueenShitğŸ’„ğŸ‘‘ğŸ‘„ğŸ’…,names,TRUE,false
4ShitznGigglz,names,TRUE,false
freak me ğŸ’¦,names,TRUE,true
MelliğŸ‘,names,TRUE,true
ğŸ’œğŸ‘‘ğŸ–•ğŸ»ğŸ’¯Reto100Kâ„¢ï¸ğŸ’ğŸ‡ªğŸ‡¸. á´…á´€á´ Éªá´…ğŸŒ´ğŸ’œâ„¢ï¸ğŸ–•ğŸ»,names,TRUE,true
Ms Don't fuckin talk to me,names,TRUE,true
SailorsPirateBooty,names,TRUE,true
ğŸŒˆdrippin all ova youğŸ’§ğŸ’¦ğŸŒˆ,names,TRUE,true
ğŸ’¨ğŸ’¤ğŸ’˜ğŸ¶Heather ğŸ¶ğŸ‘ğŸ’¤ğŸ’¨,names,TRUE,true
ChoLoveBandz ğŸ’°ğŸ’¦â€™N,names,TRUE,true
ğŸ‘†ğŸ–•Â¹Â°Â°Pulla_DGğŸ¦ğŸ”¥,names,TRUE,true
ğŸ¤˜mafukenğŸ¤˜dead andyğŸ’€,names,TRUE,false
á¶œáµË¢áµáµ‡ğŸ‘‘ğŸ’¦DRIPP_QUEENğŸ’¦ğŸ‘‘âœª,names,TRUE,true
jacking it down 83,names,TRUE,true
ğŸ’¦ğŸ†ğŸ˜Micropenis ğŸ˜©ğŸ’¦ğŸ†,names,TRUE,true
Big JuceğŸ¥¤ğŸ’¦ğŸ’¦,names,TRUE,true
Fellatio Dr,names,TRUE,true
Real niggas Ã˜Ã‘ÅÅ¸ğŸ¥¶07/19ğŸ¥³ğŸ¥³ğŸ¥³,names,TRUE,true
ğŸ’™ğŸ’ƒğŸ¥ğŸ™ğŸ’Javi ğŸŒ¹ğŸ¾ğŸ¥€ğŸ–•âœ¨â­ğŸ¥Š,names,TRUE,true
PhuckinWitYou,names,TRUE,true
ğŸ‡¨ğŸ‡»uá¶áá½ á á¬áªf á‰á¬á’á á¥áªááªğŸ–•ğŸ½ğŸ™„ ğŸ‡¨ğŸ‡»,names,TRUE,true
âš ï¸ğŸ’‹ğŸ’¯Scorpio ğŸ¦‚ Drip ğŸ’¦ â›½ï¸ğŸ’¨,names,TRUE,true
Aâ€™ndrea ğŸ–•ğŸ¼,names,TRUE,true
ğŒ´ğŒ¼ ğŸ”« #â€ eaÏ»â„“iÍ¢Í¢Í¢oğ“ƒ #TÍ¢Í¢Í¢eà¸ªmCà¸ªn,names,TRUE,true
ms phatğŸ‘,names,TRUE,true
COLD HEARTEDğŸ’¯ğŸ–•ğŸ¼,names,TRUE,true
Slutty J,names,TRUE,true
ğŸŒ¶ğŸ’¦Datdude AğŸº,names,TRUE,true
MakeHerSquirtğŸ’¦ğŸ’¦,names,TRUE,true
ğŸ¤«IswallowğŸ’¦,names,TRUE,true
ğŸ‡ºğŸ‡¸ğŸ¤¸ğŸ¿â€â™€ï¸ğŸ”¥â¤FatFiyahBitchğŸ¥³ğŸ’¥ğŸ’™ğŸ’¦ğŸ¤ª,names,TRUE,true
ğŸ¥¶ğŸ–•ğŸ»King Leo's LegacyğŸ–•ğŸ»ğŸ¥¶,names,TRUE,true
bigteninch04,names,TRUE,false
BooBooKittyFukâ™Š#Queenn,names,TRUE,false
NoFukSGiven00,names,TRUE,true
ğŸ­It'sğŸ‘…ğŸ’¦LikeğŸ­CandyğŸ­,names,TRUE,true
ChristianğŸ˜ğŸ‘ğŸ”¥,names,TRUE,true
ğŸ’œSashağŸ’¦,names,TRUE,true
ğŸ† taker,names,TRUE,true
ShaadğŸ’¦ğŸ¤¤,names,TRUE,true
I suck ğŸ†,names,TRUE,true
"JERIMEE(ğŸ‘, LILTHICK, ğŸ˜¼)",names,TRUE,true
Dicko,names,TRUE,false
SkankHunt,names,TRUE,true
Thick Angel ğŸ‘,names,TRUE,true
ğŸŒ©ï¸âš¡ Xzyst âš¡ğŸŒ©ï¸(exist)ğŸ”«â˜ ï¸BKNYâ˜ ï¸ğŸ”«,names,TRUE,true
BBC4,names,TRUE,true
HmuğŸš¿ğŸ†,names,TRUE,true
Shit,names,TRUE,false
Dewa Swastika,names,TRUE,true
Ho il cazzo duro ğŸ†,names,TRUE,true
whğŸ¤ datğŸ–•uğŸ’‰bossbitch Fã€½ï¸BğŸ§¨,names,TRUE,true
ğŸ³ï¸â€ğŸŒˆprettyStud_ğŸ³ï¸â€ğŸŒˆğŸˆğŸ’¦,names,TRUE,true
ValleğŸ‰ğŸ‰ğŸ’ğŸ‘,names,TRUE,true
11 INCHES HARD,names,TRUE,false
ğŸ‘…Mr.Pussi LoverğŸ‘…,names,TRUE,true
ğŸ’¦â™ELTEâ™ğŸ’¦,names,TRUE,true
nudebody1,names,TRUE,true
Milfhuntin,names,TRUE,true
FuckYOpluG,names,TRUE,true
Dat BOI Fuckin Awesome,names,TRUE,true
horny,names,TRUE,true
ğŸ’¦sexymağŸ’¦ğŸŒˆ,names,TRUE,true
Dirty Dom ğŸ˜ˆğŸ‘ğŸ˜œğŸ,names,TRUE,true
ğŸ¦‹Autumn SkyyğŸ¦‹â™ï¸ğŸ’¦ğŸ”¥,names,TRUE,true
BORING Asshole!!!!,names,TRUE,true
redickulust4,names,TRUE,false
ğŸ’¦HOT BOY ğŸ’¦,names,TRUE,true
JustANiggaOnPaperz,names,TRUE,true
bigdogshitnoshitzoo,names,TRUE,false
Mr11inch,names,TRUE,false
Nympho â²¤â²™â²Ÿâ²“â­•,names,TRUE,true
ğŸ•¸ğŸ”«ğŸ•ğŸ‘½ğ–¤Joshamousğ–¤ğŸ‘½ğŸ•ğŸ•¸ğŸ”«,names,TRUE,true
ğŸ’‹Queenbriskii ğŸ’¦,names,TRUE,true
Blue Exotic (BBW) ğŸ¥¶ğŸ’¦ğŸ’,names,TRUE,true
ÊŸá´€á´‹á´€ sá´‡xá´ÌÊŸá´É¢á´€ á´…á´ á´˜Ê€á´€á´¢á´‡Ê€ á´€á´ sá´‡á´œ á´…Éªsá´˜á´Ê€,names,TRUE,true
Fukethan,names,TRUE,false
TimğŸ†,names,TRUE,true
Boobie G,names,TRUE,true
KushhMamiiWett ğŸ’¦,names,TRUE,true
iheart_booty,names,TRUE,true
Foreal ğŸ–•ğŸ¾ğŸ’¨,names,TRUE,true
HeartlessMrGoodğŸ¥´ğŸ˜ˆğŸ±ğŸ†ğŸ’¦ğŸ’¦ğŸ’¦,names,TRUE,true
SweetgirlğŸ—½ DrÍ­.GÍ¤ofÍ£ucÍ«KğŸ¶ğŸ‘‘ #SÍ­tÍ¤eÍ£vÍ«koğŸGino,names,TRUE,true
ğŸ§ ğŸ‘¹ Cupcake ğŸ’‹ ğŸ‘,names,TRUE,true
â“‚ï¸oneyâ“‚ï¸ontanağŸ’¸ğŸ’°ğŸ”ŒğŸ”‹ğŸ¤¯ğŸ”«,names,TRUE,true
ToxicBigğŸ†SlimeSLiMğŸğŸ…±ï¸,names,TRUE,true
". .
 ğŸ–•
 .
 ğŸ–•
 ğŸ–•",names,TRUE,true
strokinmycock4u,names,TRUE,false
ğŸ‘PfirsichpoğŸ‘,names,TRUE,true
RedkissBBC,names,TRUE,true
ğŸ˜œUrQueenNiqğŸ’¦ğŸŒŠ_84,names,TRUE,true
Zach Is an Asshole,names,TRUE,true
Dicktention,names,TRUE,false
jammalbbc,names,TRUE,true
Kenneth Hinton ğŸ¤·ğŸ½â€â™‚ï¸ğŸ’¦ğŸ‘…ğŸ¥°ğŸ˜,names,TRUE,true
vershawnEatpussy,names,TRUE,true
ğŸ‡§ğŸ‡§PÏ…Ñ•Ñ•y Ò’aÎ¹ryğŸ§šğŸ½â€â™€ï¸ğŸ‡¯ğŸ‡µ,names,TRUE,true
yalocalfukkboy,names,TRUE,false
ğŸ–•ğŸ¾ğŸ¥±â„’ğ’œğ’ğ’´ ğŸ‘¿â„±ğ’¦ğ’© ğŸ¦Šâ„’ğ’°ğ’³ğ’³ğŸ¦‰ğŸŒš,names,TRUE,true
ğŸŒµâ„“Î±âˆ‚Ñƒ á°Ï…âœâœğŸ‘,names,TRUE,true
Dominatrix Babe ğŸ˜¡ğŸ˜¡ğŸ˜¡ğŸ˜¡,names,TRUE,false
ğŸ–•ğŸ¾ğŸŒLive â™»ï¸ğŸ’°LifeğŸ’¢ğŸ™ğŸ¾ğŸ’¯,names,TRUE,true
Hate it or love it ğŸ–•ğŸ¾,names,TRUE,true
Tongue twister ğŸ˜›ğŸ˜»ğŸ’¦,names,TRUE,true
Big DğŸ† Trez ğŸ˜ğŸ’¦ğŸ˜ˆâ™Šï¸(Females Only),names,TRUE,true
nigger,names,TRUE,true
4thandInches,names,TRUE,false
ğŸ‡©ğŸ‡´ğŸ‡¯ğŸ‡²Ã˜gSÃ¤Å«Ã§Ã«GÃ¸DğŸ¤˜ğŸ¾ğŸ‘³ğŸ¾â€â™€ï¸ğŸ–•ğŸ¾ Ã˜â˜¦ï¸G6ï¸âƒ£ã€½ï¸âš«ğŸ…±ï¸ğŸ…±ï¸â­•âœï¸Â®,names,TRUE,true
ğŸŒ¬MikağŸ”«ğŸ’¨,names,TRUE,true
Mind Fooked,names,TRUE,false
ğŸ’¸ExclusiveDaveğŸ’¦ğŸ‘…ğŸ—£(women),names,TRUE,true
aintshit44,names,TRUE,false
ğŸ™ƒDUâ“‚ï¸ğŸ…±ï¸ğŸ’©SHIT ......,names,TRUE,false
ğŸ‘…ğŸ’¦Thotimus PrimeğŸ¤–ğŸš€,names,TRUE,true
milf me plz,names,TRUE,true
â¤nathaliğŸ‘ğŸ’¦ â¤â¤â¤,names,TRUE,true
nasty Nasty ğŸ˜šğŸ˜šğŸ’¦,names,TRUE,true
à¼ºâ™¡...Tá—©á‘Iá—©...â™¡à¼»ğŸ¬ğŸ’¦,names,TRUE,true
ğŸ¤‘ğŸ–•big business,names,TRUE,true
Cakes4youğŸ‘,names,TRUE,true
Prince of Persia ğŸ–•,names,TRUE,true
Jey jey ğŸ–• (total ğŸ˜œğŸ¤ªğŸ˜ VerrÃ¼ckt),names,TRUE,true
ğŸ”ğŸ¤£FĞ¦Ğ˜Ğ˜Ğ£Ğ”ZZCJğŸ¤£ğŸ–•ğŸ¾,names,TRUE,true
ğŸ‘Smoked Prince ğŸ“,names,TRUE,true
âšœï¸COCK...E....TONYâšœï¸,names,TRUE,false
Kinky Smurf,names,TRUE,true
ğŸ’ğŸ’œğŸŒ¬ğŸ”«ğŸ‘‘2MÅ®ÄŒHCÅ®TÃ‹Ã‘ÃŠÂ§Â§ğŸ‘‘,names,TRUE,true
ğŸ’¦ğŸ‘…coochiesaurus Rex ğŸ’¦ğŸ‘…,names,TRUE,true
"#24/7ğŸ”« ...fernanğŸ˜œ",names,TRUE,true
FukkYo Bouncer,names,TRUE,false
MIRKO..â¤No vabbÃ¨ ğŸ¤¦â€â™‚ï¸ğŸ˜˜ğŸ–•â¤,names,TRUE,true
"ğŸ”¥ğŸ˜ğŸ–•ğŸ’šBunda C'A'A LOLYPOP .
 .",names,TRUE,true
ğŸ–•ğŸ¼PAYMEğŸ¤£FOHğŸ˜‹776918713,names,TRUE,true
Show Your Ass,names,TRUE,true
HornyNaughtyBabe,names,TRUE,true
BBCğŸ†ğŸ’¦,names,TRUE,true
ğŸ“¹KINGREALSHITAá‰ áŒˆá‹´áŠ“áˆ°á‰´,names,TRUE,false
biggbootycrossdressaa,names,TRUE,true
ğŸ”¥ğŸ”¥I Donâ€™t buy no pussyfoot ğŸ”¥ğŸ”¥,names,TRUE,true
itssurbi fuckyou,names,TRUE,true
ğŸ˜ˆğŸ’¦frÃªÃ¦kÃ¿Ã¡Å›Å¡qÃ¼Ã«Ã«Ã±ğŸ¦¾ğŸ¤¤,names,TRUE,true
ğŸ¤¬ğŸ–•ğŸ¼episode 2,names,TRUE,true
Maurice ğŸ‘‘I do real things ğŸ’°ğŸŒğŸ”«,names,TRUE,true
LongStrokinYoKittyğŸ˜ˆğŸ†ğŸ˜ˆ AKA Dee,names,TRUE,true
Stefan ğŸ˜ğŸ–•#holgi ich bin bekloppt,names,TRUE,true
caramelosex01,names,TRUE,false
joshtheshit,names,TRUE,false
ğŸ‘ï¸ğŸ¤¯ğŸ˜ ğŸ‘»ğŸ•ğŸ‡¨ğŸ‡µyannğŸ‡ºğŸ‡¸ğŸ”«ğŸ“±ğŸ—ï¸ğŸ”ğŸš¦,names,TRUE,true
ğŸ”Kike ğŸŒ™âš½ğŸ’¥,names,TRUE,true
â™ˆï¸ğŸ‘BigSexxy40 ğŸ’œğŸ’œğŸ’œ,names,TRUE,true
cheekyfucka,names,TRUE,true
CD4BBC,names,TRUE,true
Duke_Nuke EmğŸ‘½ğŸ–•ğŸ½ğŸ”¥,names,TRUE,true
Fukin!!PAUL,names,TRUE,false
F.O.E ğŸ¤´ğŸ¾âœ¡ï¸ğŸ’¦1DimeDaSplattaGawdğŸ’¦,names,TRUE,true
downunder_vagina_finder,names,TRUE,true
bbc4u2020,names,TRUE,true
ğŸ’°ğŸ”« Peaky BlindersğŸ’²ğŸ–•,names,TRUE,true
ğŸ†ğŸ†ğŸ† Quem Quer ğŸ†ğŸ†mulheres,names,TRUE,true
hot metnak ğŸ†ğŸŒğŸ†,names,TRUE,true
Mr.I.AINT.SHIT,names,TRUE,false
ğŸ‘Southern accent ğŸ‘ ğŸˆ ğŸŒ¶Georgia southern,names,TRUE,true
â˜£ï¸áµ€á´´á´±Æ‘Ê‰Í«cÍ§ĞºÍ­Î¹ÍªÎ·Í£ á´¼á´³BâƒŸÊŠÎ·Î·Â¥â˜£ï¸,names,TRUE,true
SpazzğŸ¥°ğŸ’¦ğŸ‘… ğŸ”ª ğŸ¤£,names,TRUE,true
rotskie retardo,names,TRUE,true
Kinky Qeem,names,TRUE,true
BlacKingMILF,names,TRUE,true
(oÂ´ï½¥_ï½¥)ã£ê€˜ê€¤ê³ê€˜YğŸ§šğŸ¿â€â™‚ï¸(Í¡Â°â€¿ Í¡Â°)ğŸ–•ğŸ¿,names,TRUE,true
ğŸ¤« Alexander ğŸ¤­ megustan ğŸ† activos ğŸŒ¶ dotados,names,TRUE,true
ğŸŒˆğŸ’¦ğŸ«á¶œÊ°áµ’á¶œáµ’Ë¡áµƒáµ—áµ‰ bÎ±bÎ¹Î¹ ğŸ«ğŸ’¦ğŸŒˆ,names,TRUE,true
clitğŸ‘…slayer ğŸ’¦ğŸ’¦ğŸ˜‹,names,TRUE,true
Chinkyeyes,names,TRUE,true
Loosin'hoes Do Loosin'shit ğŸ’¯,names,TRUE,false
ğŸ’¯ğŸ›¸×š×©×œ×›×Ÿ×—ğŸ›¸âš”ğŸ¦B.MADEğŸ¦ğŸ‡®ğŸ‡±ğŸ•ğŸ”«,names,TRUE,true
ğŸ–•ğŸ–•ğŸ–•ğŸ–•ğŸ–•,names,TRUE,true
Cookie ğŸ’‹â¤ï¸â¤ï¸ğŸ˜˜ğŸ˜ğŸ¥°ğŸ¥°ğŸ–•ğŸ½ğŸ–•ğŸ½ğŸ–•ğŸ½ğŸ–•ğŸ½ğŸ˜ˆğŸ˜ˆğŸ˜ˆğŸ˜ˆ,names,TRUE,true
ğŸ–•ğŸ¤£GoldiğŸ¤ªğŸ™‹â€â™‚ï¸,names,TRUE,true
BiglongğŸ†,names,TRUE,true
ğŸŒŠğŸ”¥ğŸŒˆMELISSAğŸ’¦,names,TRUE,true
Bbc LongğŸ†ğŸ†ğŸ‘ S,names,TRUE,true
gunnağŸ˜˜ğŸ’¦,names,TRUE,true
â™¡ğŸ‘‘ğ´ğ‘‘ğ‘Ÿğ‘–ğ‘ğ‘›ğ‘›ğ‘.ğµğ‘ğ‘ğ‘¦ğ‘¦ğŸ’¦â™¥ï¸,names,TRUE,true
Î› ï¼®ï¼´ï¼¨â™¢ï¼®ï¼¹ğŸ–• #TPIX,names,TRUE,true
19;1;4 á´®áµƒáµˆ áµ‡áµ˜â¿â¿Ê¸AFğŸ’¦ğŸ’˜ğŸ§›ğŸ¼â€â™€ï¸â¥ â™¡ğŸ’•,names,TRUE,true
Dirty ğŸ‘…ğŸ‘ğŸ’¦ğŸ˜œ,names,TRUE,true
MrDontSugaCodeShit,names,TRUE,false
thatniggaerv,names,TRUE,true
ğŸ”«ğŸ’¯Î²ÅVÄÎœIÅÅğŸ˜˜ğŸ˜˜R.H.F.GANGğŸ¦‚ğŸ‡¹ğŸ‡¹ğŸ’¦,names,TRUE,true
XCashAppGiveaways,names,TRUE,true
I.WantSomeThickBurfDayDğŸ†ğŸ™ˆFatğŸ†,names,TRUE,true
houba203 ğŸ‘…ğŸ’¦ğŸ’¦instğŸ˜ƒ,names,TRUE,true
Hannahpussy,names,TRUE,true
LET IT RAIN ğŸ’¦ğŸ’¦,names,TRUE,true
SanchezğŸ‡­ğŸ‡³ğŸ’¦,names,TRUE,true
ğŸ’™Mikey ğŸ–•#Ê„ÊŠÄ‹kÊÖ…Ê„É›É›ÊŸÉ¨Õ¼Ö†ğŸ’™,names,TRUE,true
ğŸŒˆREALLESBIANğŸ–•nofems,names,TRUE,true
Rakshit,names,TRUE,false
Loyalty is Royalty #fuckcancer,names,TRUE,true
âœ¿ğŸ’¦ğŸ„·ğŸ„°ğŸ„½ğŸ„¸ğŸ’¦âœ¿,names,TRUE,true
ğŸ–•DANNY WITH THE ACCENT :) â©ê¤²TÌ·ÌŒÌâ—Šğ“¤ È»á²Ğ´á›’â„“ğ”¼ğ¤™,names,TRUE,true
Drip on them LjğŸ’¦ğŸŒŸğŸ¤ŸğŸ¼ğŸ’¸,names,TRUE,true
ğŸŒ»ğ“‘ğ“¸ğ“¸ğ“½ğ”‚ğ“µğ“²ğ“¬ğ“²ğ“¸ğ“¾ğ“¼ğŸŒ»ğŸ’‹,names,TRUE,true
D33pthroatPro,names,TRUE,true
JeremyğŸ–•ğŸ¼ğŸ‡¬ğŸ‡§ğŸŒ¶ğŸ’šğŸ¹ğŸ‘‘ğŸ’ğŸ–¤ğŸ’‹ğŸ£ğŸ¥ğŸ˜ºâš°ğŸğŸ™ƒ,names,TRUE,true
PÍ†ÌºrÍ†ÌºeÍ†ÌºtÍ†ÌºtÍ†ÌºyÍ†Ìº EÍ†ÌºyÍ†ÌºeÍ†ÌºsÍ†ÌºğŸ§á´˜á´ á´ğŸ‘ â™¦ï¸ğŸ¥¤ğŸ¶ ğŸ˜ğŸ›©ğŸ’ğŸ§˜â€â™€ï¸ğŸ’…,names,TRUE,true
ğŸ’¥Bossman ğŸ‘ğŸ‘‘,names,TRUE,true
SHORTYğŸ–•ğŸ½Å°Ã‡Ä¶Ä˜Ã‘ğŸ–•ğŸ½BONGğŸ±ğŸŒğŸ±,names,TRUE,true
â™ˆï¸ğŸ‘LatinğŸ¥ƒhonchoğŸ¤´ğŸ»ğŸ’‰,names,TRUE,true
J Hardâ™‹ï¸ğŸ–•ğŸ¾,names,TRUE,true
Mr.â¤ğŸ’ª#only men#ğŸ˜™Dimis#ğŸ’‹â¤ğŸ’ğŸ–•ğŸ˜šâ¤,names,TRUE,true
ğŸ–•ğŸ›¡âš”FUSSELâ„¢ï¸âš”ğŸ›¡ğŸ–•,names,TRUE,true
Micro Raper,names,TRUE,false
aquağŸ‘…ğŸ˜»wetğŸ’¦dripğŸ’§ğŸ’§â¤,names,TRUE,true
ğŸºğŸ”ªá´¬Ë¢Ë¢á´´á´¼á´¸á´± Mr Clean â­VIP Clubâ­,names,TRUE,true
Heavy Meat ğŸ˜œğŸ˜±ğŸ’ªğŸ¾ğŸ’¯ğŸ˜‚ğŸ¤£ğŸ¤¤ğŸ‘…ğŸ¤«ğŸ‘€ğŸ¤´ğŸ¾ğŸ¦ğŸ†,names,TRUE,true
Schokolade ğŸˆğŸ« ğŸ‘,names,TRUE,true
ğŸ––ğŸ½ğŸŒˆI'mFCUKFACEğŸ¤¤ğŸ‘‘,names,TRUE,true
heelporn,names,TRUE,false
ğŸ”¥.ğŸ’£Juiceâ¤ğŸ—½â™‹ ğŸ–•,names,TRUE,true
ğŸ˜œ FunğŸ’¦ğŸ‘…Gurl,names,TRUE,true
ğŸ¾â˜ ï¸ğŸ‡®ğŸ‡¹á°á¸•llá¯/á°á¸•llà¹ğŸ–•ğŸ¼ğŸ”¥â„¢ï¸ğŸ”ŠğŸ¤â““â“‘â“ğŸ¤ğŸ”ŠğŸ”¥ğŸ–•ğŸ¼ğŸ‡®ğŸ‡¹â˜ ï¸ğŸ¾,names,TRUE,true
A.williy ğŸ†ğŸ’¦ğŸ˜ğŸ˜˜,names,TRUE,true
10inches415,names,TRUE,false
ğŸ‘N K PğŸ‡¹ğŸ‡­,names,TRUE,true
KeKeğŸ˜â¤ï¸ğŸ’¦,names,TRUE,true
Mr Fiya Tongue ğŸ‘… ğŸ’¦ğŸ’¦ğŸ‘…,names,TRUE,true
á´¶áµá´µá¶œáµá¶ á´¿áµá´µáµ€ğŸ‘ğŸ›¥ThÍªeÍ¤ ğ”ğ”˜ğ”›ğ”˜â„œğ”œâ™•,names,TRUE,true
ğŸŒ¸MsPinkyğŸGOATâœ¨ğŸ‘ğŸ,names,TRUE,true
ğŸ”¥ğŸ”¥The Notorious ğŸ†Mandingo,names,TRUE,true
ğŸ‘½ğŸ–•ğŸ»ğŸ¤¡KÃÃLLÃŠR FÃœÃ‡Ã‡KğŸ¤¡ğŸ–•ğŸ»ğŸ‘½,names,TRUE,true
Fookin Jannette ğŸ’š,names,TRUE,false
ğŸ°AthenaReddğŸ‘,names,TRUE,true
ğŸğŸ’¯ğŸ‘ğŸ’§ÄÃŠVÃ˜Å°â±¤ â‚¥Ã â‚±Ã‹ÃÄŒâ±§ğŸ‘ğŸ’¦ğŸ‘…,names,TRUE,true
PlusSize BBC TS LondonğŸ‘¸ğŸ¾ğŸ¤·ğŸ¾â€â™€ï¸ğŸ†,names,TRUE,true
bigdaddyjay69,names,TRUE,false
BUKAKE ğŸ˜ˆ,names,TRUE,true
ğ´ğ‘›ğ‘ğ‘¦ğ‘‡ğ‘Ÿğ‘ğ‘›ğ‘  ğŸ‡µğŸ‡¦ğŸ–¤ğŸ’¦,names,TRUE,true
pecker11,names,TRUE,true
ğƒğŸ…¾ï¸ğ”ğ†ğ‡ğŸ‘‘ğŸ…±ï¸ğŸ…¾ï¸ğ˜ğŸ†.ğŸ®.âœ…,names,TRUE,true
ğŸ†ğŸ†ğŸ†ğŸ†,names,TRUE,true
ğŸŒ¬ğŸ’¨ğŸ‘RedBone_BBWğŸ‡¯ğŸ‡²,names,TRUE,true
ğŸAceğŸ§Š CaponeğŸ”« ğŸ,names,TRUE,true
darealhunchoğŸ”«ğŸ”«â™ˆğŸ‘Ÿâ˜ï¸â˜ï¸ğŸ’¯ğŸ‘Œ,names,TRUE,true
ğŸ¦©MimiFookinDabsğŸ¦©ğŸšğŸ¤¹ğŸ»â€â™€ï¸ #FlamingoodğŸ¦©ğŸ¦©,names,TRUE,false
Pappa Jeff #2  ğŸ”«,names,TRUE,true
Yo Kryss ğŸ–•,names,TRUE,true
ğŸ³â€ğŸŒˆğŸ‡µğŸ‡·Canita PRğŸ‘ğŸ˜,names,TRUE,true
ğŸ’¯ğŸ’¯â±¤â±¤ğŸ¤ğŸ¾NoyaağŸ¼ğŸ‘£BabiiğŸ’¦ğŸ˜‹,names,TRUE,true
Moâ€™jaybsmoothğŸŒŠğŸ’¦,names,TRUE,true
ğŸ’¦missğŸ’‹yummyğŸ’¦,names,TRUE,true
Shownipple Jon,names,TRUE,true
headmonster/pussymouth,names,TRUE,true
10inchchocolate82,names,TRUE,false
RightGame ğŸ®WrongNigga,names,TRUE,true
Kâ˜ï¸VğŸ†N,names,TRUE,true
Certified ğŸ› ğŸ’¦ (P.A.L CEO)ğŸ¥³ 7/2,names,TRUE,true
GulaschkalieğŸ™‹â€â™‚ï¸ğŸ–•#SuÍ­gÍ¤aÍ£rÍ« â¥,names,TRUE,true
BBW Hunter LADIES ONLY ğŸ”ğŸ‘ğŸ†ğŸŒŠğŸ’¦,names,TRUE,true
"ğŸ´â€â˜ ï¸ğ’¦âƒ¢âƒŸğŸ—¿â± É†Ûá¶ áµË¡âš” Õ©à¹€Ğ³à¸„tà¸„à¸£âš” ğŸ–•
 ğŸ‡«
 ğŸ‡º
 ğŸ‡¨
 ğŸ‡°
 ğŸ–•
 ğŸ‡¾
 ğŸ‡´
 ğŸ‡º
 ğŸ–•
 ğŸ˜ˆ",names,TRUE,true
Notintobullshit34,names,TRUE,true
ğŸ–•På‚å‡ á—ªå‚ğŸ–•,names,TRUE,true
ThroatologistğŸ’¦,names,TRUE,true
BigDickZayy,names,TRUE,true
Tranny4BBC,names,TRUE,true
Terrell PğŸ•·ğŸ•¸MBKğŸ•¸ğŸ•·ğŸ˜ˆğŸ”«,names,TRUE,true
BBC4Causcainonly,names,TRUE,true
ğŸ’¦,names,TRUE,true
Mack (Fukk Ya Feelings) ğŸ˜ğŸ‘ŒğŸ’¯,names,TRUE,false
ğŸ–•ğŸ¾YOğŸ·Jay2RealğŸ’¨ğŸ’¨,names,TRUE,true
i_hate_this_shit,names,TRUE,false
C.EğŸ–•ğŸ’°âœ”ï¸ğŸ’¯â›½ğŸ˜¤,names,TRUE,true
huge cock,names,TRUE,false
i have 8 inch Ladywood Niyah,names,TRUE,false
ğŸ’¦ğŸ†ğŸ‘ğŸ’¥FREAK NASTYğŸ’¦ğŸ˜‹ğŸ’‹ğŸ’¯,names,TRUE,true
BlurğŸ¤ªGAğŸ‘bihhğŸ’™ğŸ«,names,TRUE,true
ğŸ¥ƒğŸ’¥ğŸ·Kinkyfun87ğŸ·ğŸ§œğŸ¼â€â™‚ï¸ğŸ™ˆğŸ™‰ğŸ™Š ğŸ’«ğŸ”¥ğŸŒ§â„ï¸â˜ƒï¸,names,TRUE,true
DrippinğŸ’§ğŸ’¦Virgoâ™ï¸ğŸ¤¬âœŒğŸ½,names,TRUE,true
Mo'gang jaybsmoothğŸŒŠğŸ’¦,names,TRUE,true
ğŸ¦ğŸ¦‹MsblossomğŸŒ¸ğŸ‡ºğŸ‡¸ğŸ‡µğŸ‡·ğŸ–• let'snotjudges,names,TRUE,true
á¦á—©á–‡ã—á—©ğŸ’¦Thickness ğŸ‘ğŸ‘,names,TRUE,true
Trap M âš“ ğŸ”¥ğŸŒ™ F.U.P.U.ğŸ–•ğŸ¿ğŸ’¸ğŸ¤ğŸ¿,names,TRUE,true
ğŸ”«ğŸ’¯Î²ÅVÄÎœIÅÅğŸ˜˜ğŸ˜˜,names,TRUE,true
FukingSavage,names,TRUE,false
ğŸ•¸ï¸ğŸ–•ğŸ¿Stolzer AraberğŸ–•ğŸ¿ğŸ•¸ï¸,names,TRUE,true
SOLOğŸ‘„ğŸ‘„ğŸ‘…ğŸ‘…ğŸ’¦ğŸ’¦ ğŸŒˆ ğŸŒˆ,names,TRUE,true
SluttyTJ,names,TRUE,true
Pornocracy,names,TRUE,false
Kike Escobar,names,TRUE,true
á´³áµ’áµ’á¶ Ê¸*á´³áµƒâ¿áµâœ¨ğ”¸ğ•Šâ„ â„ğŸ‘ï¸ğ•ƒğ”¼âœ¨ğŸ‘ğŸ‘€,names,TRUE,true
tittyboy01,names,TRUE,true
Bwc ğŸ†,names,TRUE,true
ElevenStrongInches,names,TRUE,false
Martin (Machu)#ğŸ–•,names,TRUE,true
ğŸ•·ğŸ’€ÊÉ‘É—É› Ê€É‘É› ğŸ–¤ğŸŒˆğŸ–¤ğŸŒ™âœŒğŸ–• ğŸ¤˜,names,TRUE,true
âš”ï¸ğŸ¦ğŸ¥‹ â˜¯ï¸BlackPantherâ˜¯ï¸ğŸ¥‹ğŸ¦âš”ï¸ ğŸ–•Ä¼Ã­Ä¼ğŸ‘»à¸£â¸•âˆ³âºâ‚¥IÌ½Í“â„’Ã½ğŸ–•,names,TRUE,true
ğŸ°BUKAKEğŸ–¤ğŸ˜ˆ ...,names,TRUE,true
it's me lover boyğŸ’¦ğŸ’¦,names,TRUE,true
ğŸ³á‰â…ˆâ„™ğŸ”« ğ‘±ğ‘¬ğ‘µğ‘«ğ‘¬ğ‘¹ğ‘¨ğ‘³ğŸ‡®ğŸ‡© á´´áµ‰Ê³Ê³Ê¸ Õ¼É–ÊŠÈ¶Ê ğŸ”±,names,TRUE,true
DRIPPY ğŸ˜ˆğŸ”«,names,TRUE,true
ğŸ’«Ara ZyğŸ‘ğŸ¦š,names,TRUE,true
piercednipple,names,TRUE,true
SpanzÂ¥ğŸ‘€ğŸ’¦,names,TRUE,true
Hà½²à¾€ÏƒĞ¸Ñ”ÑƒNÍ†Ï…Ñ‚ğŸ¤¤ğŸ‘ğŸ”¥ğŸ’ƒ,names,TRUE,true
ğ¹ğ‘œğ¸ğŸ–•ğŸ˜ˆá´³áµ’á´´ğŸ Â³Â³â¶ğ”Šğ”ğ”¯ğ”±ğ”¥ğŸ˜ˆ,names,TRUE,true
Æ‘Ê‰Í«cÍ§ĞºÍ­Î¹ÍªÎ·Í£.TattooArtist,names,TRUE,true
ğŸ—£ITalkPlentyShitÂ®ï¸,names,TRUE,false
no time for bs gtf ğŸ–•ğŸ¾TS,names,TRUE,true
Æ‘Ê‰Í«cÍ§ĞºÍ­Î¹ÍªÎ·Í£á´¬á´ºá´¼á´ºáµá´¹á´¼áµË¢,names,TRUE,true
JackOffOnLive,names,TRUE,true
RğŸ…°ğŸ…½ğŸ…¶ğŸ…¶ğŸ…°ğŸ”«,names,TRUE,true
Bad@ssá´·á´·ğŸ’šğŸ„ğŸ–•#Ë¢áµ€á´¿á´±á´±áµ€á´¿á´¬á¶œá´±á´¿ ğŸ“ğŸŒ½ğŸ‡¯ğŸ‡µ,names,TRUE,true
ZaddySagittariusnofiltertalkshitjoe,names,TRUE,false
ğŸ‘SWEET PEACHIEZğŸ‘,names,TRUE,true
ShitTalkinSuprrmeğŸ’ªğŸ¤·â€â™‚ï¸,names,TRUE,false
TeeğŸ˜‹ğŸŒˆğŸ’¦,names,TRUE,true
ğ•µğ–šğ–“ğ–ğ–”ğ–—818 ğŸ–•ğŸ½(ğ–ğ–‰ğ–Œğ–†ğ–‹ ğ–˜ğ––ğ–šğ–†ğ–‰)ğŸ–•ğŸ½,names,TRUE,true
chubbbc,names,TRUE,true
GoDğŸ¼BoDyğŸ¥€_xğŸš«ğŸ’¨ğŸ’¯ğŸ–¤ğŸ–•ğŸ¿,names,TRUE,true
suckers only ğŸ˜‰ğŸ’¦ğŸ˜ˆ,names,TRUE,true
that one white guy ğŸ‘ŒğŸ–•ğŸ’™ #DJsMAINS,names,TRUE,true
Beautiful Da Hitta ğŸ”«ğŸ’¯ğŸ¤·ğŸ¾â€â™€ï¸,names,TRUE,true
ğŸ˜Ateteenplai ğŸ‘,names,TRUE,true
beautywithbooty14,names,TRUE,true
ğŸ˜¬ É¦ÏƒÎµâ„“Î±ÏÎµÃ±Ïƒ!!ğŸŒ¶ï¸ğŸ“ğŸ–•ğŸ½ğŸ”¥,names,TRUE,true
ğŸ…±ï¸ğŸ…°ï¸LUğŸ§¨âš½ï¸ #TatiğŸ¦‰ #ChristinğŸ‘,names,TRUE,true
ğŸ¥‚Big Booty Judy ğŸ–•ğŸ½â™ˆï¸,names,TRUE,true
Dat Dam James ğŸ†ğŸ¤‘ğŸ¤‘,names,TRUE,true
KingğŸ’§Î²Î¹É¢ğŸ¥¶Æ‰ÑÎ¹PğŸ’¦Ka$e,names,TRUE,true
Scorpion Bliss ğŸ’¦ğŸ’¦,names,TRUE,true
coco_bootyğŸ‘ğŸ’¥,names,TRUE,true
ğŸ‡¯ğŸ‡²CeoğŸ”°tagğŸ˜ˆmeanğŸ–•bossğŸ”°,names,TRUE,true
ğŸ’€ChrissğŸ’€#FalkoleğŸ–•ğŸ–•,names,TRUE,true
BIG6/Mf6 ğŸ–•ğŸ¤‘ğŸ‡ºğŸ‡¸ğŸ’°,names,TRUE,true
kissyourbooty,names,TRUE,true
Mr. 10inches,names,TRUE,false
GANG FUCK MY ENEMY,names,TRUE,true
daddyğŸ‘…ğŸ’¦ğŸ¤˜ğŸ½,names,TRUE,true
Daddy Apologize ğŸ–•ğŸ¾ 12,names,TRUE,true
ğŸ’¦Hoover LipzğŸ’¦,names,TRUE,true
Beefo Let Do It ğŸ˜‚ğŸ˜â™Šï¸âœ¡ï¸ğŸ”«,names,TRUE,true
ğŸ‘…ğŸ’¦Å Ä™xÃ¿ÅÃ¸Å„gÅÃ«gÅºğŸ¥°ğŸ‘¸ğŸ½,names,TRUE,true
ğŸ‘„Ms.ğŸ‘„thickwititâ¤ğŸ’¦,names,TRUE,true
Cashapp me: $konctd1,names,TRUE,true
KathyğŸŒˆğŸ’•ğŸ‘,names,TRUE,true
LaurağŸ‘ #ğŸ”§///M-PowerğŸ”§,names,TRUE,true
ğŸ’£ğŸ†â‚©É†â± â± â±§É„â‚¦â‚²ğŸ†ğŸ’£,names,TRUE,true
terungsegarğŸ’ğŸ†â¤ï¸ğŸ’¦,names,TRUE,true
ğŸ–•ğŸ˜ThomasğŸ˜ğŸ–•#Friesin mitâ¤,names,TRUE,true
6 figure nigga.,names,TRUE,true
nobullshitbae,names,TRUE,true
Domi#â™ ï¸#N94ğŸ’¦#BierfahrerbeifahrğŸš›ğŸ»,names,TRUE,true
GangFuck It,names,TRUE,true
Bigbooty__,names,TRUE,true
9inchespdx,names,TRUE,false
Horny Bee,names,TRUE,true
ğŸ•ŠğŸ–•merp#ğŸ™ğŸ·ğŸ¤ŸğŸ¥‡á´¬Ë¡á¶¦áµ‰â¿á´ºáµƒáµ—á¶¦áµ’â¿ğŸ›¸ğŸ™ğŸ» ğŸ¦ #ğŸ†‡-ğŸ…µğŸ…¾ğŸ†ğŸ…²ğŸ…´ğŸšğŸ‘“ğŸ’ğŸ’‹,names,TRUE,true
SOSEXO,names,TRUE,true
fuckthisshit ( no dudes ),names,TRUE,true
RobğŸ’¯ğŸ’ˆgrownmanshitğŸ’¯ğŸ’ˆ,names,TRUE,false
fuckboy,names,TRUE,true
Generous Big D!Ck Out South,names,TRUE,false
9inchespdx503,names,TRUE,false
ğŸ‘ğŸ€ğ’¢ğ‘’ğŸŒ¸ğ“‡ğ‘”ğ’¾ğ’¶ğ’¢ğ’¾ğ“‡ğ“ ğŸ€ ğŸ‘,names,TRUE,true
(ğŸ¥°ğŸ‡µğŸ‡· Bae_with_the_BladeğŸ”ª)ğŸ¥ŠğŸ‘ğŸ‘€â™ï¸ğŸ‘‘ğŸŒ¸ğŸšš,names,TRUE,true
Maya ğŸ‘,names,TRUE,true
BEARDLIVESMATTER ğŸ–•ğŸ‘½,names,TRUE,true
âœ¯ ğŸ’¦ Jaáµâ±Ë¡Ë¡áµƒÊ°â‚€â‚„áµáµƒáµ—Ê³â±Ë£á´€á´…á´âœ¯ ğŸ’¦,names,TRUE,true
coldHeartedwiththeğŸ‘ğ”¬ğ”£ Ñ‚ï½cğŸğŸ’™,names,TRUE,true
ğŸ‘‘ ğŸ­ Donald #BossQueenSavage #Fukâ€¢urâ€¢Hashtags,names,TRUE,false
Hoes Ain't shit,names,TRUE,false
â˜º Adan ğŸ’¦ el cachondo,names,TRUE,true
Phuck yhu ğŸ‘‘,names,TRUE,true
ClitDr21,names,TRUE,true
ğŸ“¦JoeytheboxwhoreğŸ“¦,names,TRUE,true
ğŸğŸÆ’Ê‰Í«Â¢Í§ĞºÍ­Î¹ÍªÎ·Í£ Texasguy07DğŸğŸ # DirtTrackFever,names,TRUE,true
my.bigğŸ’¦penğŸ’¦is,names,TRUE,true
áµ½fÉ¨ÉsÉ¨È¼Ä§ ğŸ‘ â¤ï¸ğŸ§¸ğŸ¥’GÍ«uÍ¦rÍ©kÍ¥enladyğŸ¥’,names,TRUE,true
Mr BBC,names,TRUE,true
MOE_Typeshit M,names,TRUE,false
ğŸ’‹ğŸ’‹ğŸ’¦BOMBSHELLğŸŒŸ09ğŸ’¦ğŸ’‹ğŸ’‹,names,TRUE,true
magnumbbc,names,TRUE,true
318DroppingGudğŸ†InYaWife,names,TRUE,true
Ak47crazyğŸ˜ bossğŸ˜ ğŸ”«,names,TRUE,true
Fukthesystem69,names,TRUE,false
Geckz D ick Pic,names,TRUE,true
â˜ ï¸ shit on them hatersğŸ¦¾,names,TRUE,false
ğŸ’ªğŸ’ªğŸ’ªğŸ’¨ğŸ’¨ğŸ’¨ğŸ’¨ğŸ˜¡ğŸ˜¡ğŸ–•ğŸ–•smoking gas,names,TRUE,true
ğŸ˜ˆ BootyClapper69 ğŸ˜ˆ,names,TRUE,true
Jlo_Booty,names,TRUE,true
Ga Bombshell ğŸ‘,names,TRUE,true
ğŸ¤¤ğŸ’¦ Mr. SnatchhYaSoull ğŸ™ğŸ¾ğŸ’¯,names,TRUE,true
Fucking Mike,names,TRUE,true
ğŸ–¤ ğŸ”ª ğŸ’ƒğŸ•µğŸ½â€â™‚ï¸PRIVATEğŸ‘ğŸ•·ğŸ’‹ğŸ–•ğŸ»ğŸŒº#GVO,names,TRUE,true
8 Inches,names,TRUE,false
ğŸ‡¯ğŸ‡²ğŸ«â„ï¸ğŸ’¦drip drop MeğŸ’¦â„ï¸ğŸ«ğŸ‡¯ğŸ‡²,names,TRUE,true
ğŸ’¦ğŸ’™KiraFluffyğŸ§ğŸ’™,names,TRUE,true
hatersAreAsses,names,TRUE,true
BBBCNMEPLEASE,names,TRUE,true
Andiâ˜€ï¸#ğŸ˜ˆâ¤ï¸ğŸ–•â¤ï¸,names,TRUE,true
250kROMEO&PUNTOğŸŒğŸ¦‹ğŸ–•ğŸ’‹ğŸ€ğŸ¤¯ğŸ¶ğŸğŸº,names,TRUE,true
Mr.bbc,names,TRUE,true
PoloğŸ—£ğŸ’°ğŸ™‰ğŸ”«,names,TRUE,true
ğŸ’ğŸ’°TROUBLE Bae CrazyğŸ¤ªğŸ”«ASFğŸ’ğŸ’°,names,TRUE,true
ğŸ’Strange1ğŸ’ ğŸ”¥ğŸ”¥ğŸ–•ğŸ¿ğŸ¤·ğŸ¾â€â™‚ï¸,names,TRUE,true
DÂ¡ck Liquor,names,TRUE,true
LiiiiâœŒï¸#team#casserpaslescouillesğŸ–•ğŸ–•,names,TRUE,true
á¶œÊ¸Ê³Ê³ğŸ–•Earthworm Jim Ë£Ë£ğŸŒ¹ğŸğŸ¼,names,TRUE,true
BootyEater Boogie,names,TRUE,true
ğŸ’«ğŸ’•Gummi_YummiğŸ’¦ğŸ’•ğŸ’«,names,TRUE,true
ğŸ©M@giC_K@it0ğŸ©#ğŸ˜#ğŸ–•ğŸ¿,names,TRUE,true
MsSuperJuicyğŸ’¦ğŸ’¦ğŸ‘…,names,TRUE,true
oops ğŸ’¦ğŸ’¦,names,TRUE,true
ğŸ–•KannDirDochEgalSeinğŸ–•,names,TRUE,true
strongbeachllbbcc,names,TRUE,true
casperthelegendgang ğŸ¤™ğŸ¤ğŸ§ğŸ¹ğŸ–•ğŸ‘»ğŸ™ğŸ¤Ÿ,names,TRUE,true
ğŸŒˆMi$$KiKiOdeeğŸ’§Î²Î¹É¢ğŸ¥¶Æ‰ÑÎ¹PğŸ’¦ğŸ‘¸ğŸ¾ğŸ’™ğŸ¦„,names,TRUE,true
ğŸ’¦ğŸ§KakeBossğŸ§ğŸ’¦ â¤ï¸Love&Soulâ¤ï¸,names,TRUE,true
ğŸ‘‰John Yongco ğŸ’¦,names,TRUE,true
ğŸ‘‘â™ˆJay NiggityğŸ’¨ğŸ”¥ğŸ–•ğŸ¾,names,TRUE,true
Xxxfuck,names,TRUE,true
Mr_doggiestyle_60,names,TRUE,true
ğŸ†ğŸ’¦DUMPSTER,names,TRUE,true
Boobookittyfcuk,names,TRUE,true
ğŸ’¦MS.WET WETğŸ’¦,names,TRUE,true
ğŸ’ğŸ’¯Tha Bitch IvyğŸ–•Ê„ÊŠÄ‹kÊÖ…Ê„É›É›ÊŸÉ¨Õ¼Ö†,names,TRUE,true
MR IDGAFğŸ–•ğŸ¾ğŸ’¯,names,TRUE,true
ğŸ˜ğŸ’¦ FlÃ¿ BÃ¸Ã¿ GÅ«ttÃ¥ ğŸ’ªğŸ¾ğŸ’°,names,TRUE,true
Madame LINT LICKERğŸ’¦ğŸ‘¸ğŸ¦‚,names,TRUE,true
ğŸ¥€ğŸ–•ğŸ¥ºBad booty bitchâ˜•ï¸ğŸ§œâ€â™€ï¸ğŸ¥‚,names,TRUE,true
Mandingo 11ğŸ¾ğŸ¥‚ğŸ’¦real serious,names,TRUE,true
Wayyyyy To JuicyğŸ’¦ â™Œï¸,names,TRUE,true
kinkenstein,names,TRUE,false
Mr.Marcus (PettyGang) ğŸ–•ğŸ–•ğŸ’ª,names,TRUE,true
3â€™ Wâ€™s Starr!ğŸ· ğŸ’¦ ğŸŒ³ ğŸŒ¿ğŸ’” ğŸ”¥ ğŸ¦„,names,TRUE,true
Aj AceOfSpades#iKeepShitlit,names,TRUE,false
á§á§á‚á•á§ğŸ”±Fuk u call me AlexğŸ‘¾,names,TRUE,false
ğŸ’šP.R.E.T.T.YğŸ˜ğŸ¥°GORDITAğŸ’š ğŸ–•ğŸ»STAY.â™¥ï¸WOKEğŸ’¯,names,TRUE,true
Ã‡0Ã‡KZILLA,names,TRUE,true
thatnigga,names,TRUE,true
Fuckinn Maddie,names,TRUE,true
....!#ğŸ–•ğŸ¼ğŸ˜‚ğŸ–•ğŸ¼,names,TRUE,true
ğŸ¦…BARIÅ ğŸ’¦à¸„ÑŠÆ¨Ïƒï¾šÎ¹ÆšÒ½â„¢ğŸ’¦,names,TRUE,true
bigd1ck papi,names,TRUE,true
ğŸ‘…ğŸ’¦DallyBuggs #SavageASFğŸ’¦ğŸ‘…,names,TRUE,true
â¤ï¸bibiâ¤ï¸#christianğŸ¦#ğŸ–•Falko ako ol,names,TRUE,true
ğŸ”ğŸ’¯mr pornstarğŸ’¯ğŸ”,names,TRUE,false
ğŸ‡§ğŸ‡§ğŸ©ºDr.PÏ…Ñ•Ñ•y Ò’aÎ¹ryğŸ§šğŸ½â€â™€ï¸ğŸ‡¯ğŸ‡µ,names,TRUE,true
BigğŸ†ğŸ’¦,names,TRUE,true
ğŸŒ­ Shawn the weiner lord ğŸŒ­,names,TRUE,true
Cecil Muafukin Wayne,names,TRUE,false
Dams ğŸ’¦ğŸ’¦,names,TRUE,true
á¶ áµ˜áµáµ‰â¿Hype,names,TRUE,false
Paky â¤ğŸ–•,names,TRUE,true
B$GğŸ¥µBUBBLEZ LIL BAEğŸŒˆğŸ’¦,names,TRUE,true
D(oJa)Raw ğŸ†ğŸ‘ŒğŸ¾ğŸ’¯ #BigDojaEnergyğŸ‘‘âœŠğŸ¾ğŸ¦ğŸ‚ğŸ¥šğŸ¥ğŸ’¥,names,TRUE,true
Rocio ğŸ–•ğŸ’šğŸ˜˜,names,TRUE,true
TeyğŸ’¦,names,TRUE,true
ğŸ‘NBğŸ¦‹ğŸŒ·Ï€â‚¬Â£Â£â‚¬ğŸŒ·ğŸ‘ğŸ¦‹,names,TRUE,true
KÃ¼KeN#ChristianğŸ¦FalkoleğŸ–•ğŸ–•,names,TRUE,true
ğŸ†Big DğŸ†,names,TRUE,true
needbooty420,names,TRUE,true
KIKEâ™»ï¸ğŸ‘‘Í²ÎœÊ‚É«Æ¦Î¦Ó†É¢ğŸ’ªğŸ˜ˆğŸ”¥,names,TRUE,true
Hey ğŸ–•ğŸ¼u,names,TRUE,true
Dicko D,names,TRUE,false
ğŸ”¥ğŸ’¥bukakeğŸ’¥ğŸ”¥,names,TRUE,true
ğ”…ğ”ğ”°ğ”±ğ”¦ #ğ”‘ğ”¬ ğ”¯ğ”¢ğ”¤ğ”¯ğ”¢ğ”±ğ”°ğŸ–•,names,TRUE,true
â™ˆï¸ğŸ’•ğŸ’¦Crazy Jenn ğŸ’¦ğŸ’•â™ˆï¸ ğŸ’¨,names,TRUE,true
âºË¢á¶» áµ áµ˜áµ‰áµ‰â¿ğŸ’‹âœ¨ğ”¸ğ•¤ğ•™ğ•™ ğ•‹ğ•’ğ•¤ğ•¥ğ•šğ•”âœ¨ğŸ‘ğŸ¤¤,names,TRUE,true
1_SideNigga_,names,TRUE,true
ğŸ‡©ğŸ‡´ğŸ‡¨ğŸ‡º NIÃ‘O M ğŸ–¤ğŸ”¥ğŸ’¦,names,TRUE,true
country cornbread fed ğŸ˜œğŸ˜œğŸ–•,names,TRUE,true
"No..OneIsLoyal
 ğŸ²ğŸ’²â™ŠğŸ’˜ğŸ¦‹ğŸ’¦ğŸ€",names,TRUE,true
ğŸ˜ˆâš“ï¸ğŸ²ğ”½ğ•–ğ•šğ•šğ•¤ğ•¥ğ•ªğ•‹ğ•™ğ•’ğ•†ğ•Ÿğ•–&ğ•†ğ•Ÿğ•ğ•ª ğŸ’„ğŸ‘‘ğŸ‘,names,TRUE,true
ğŸ¥€Ğ¼ÏƒğŸ’¦Ï‰Ñ”Ñ‚Ñ‚Î±ğŸ¥€,names,TRUE,true
Mac Brat ğŸ”«ğŸ¤ªğŸ¥°ğŸ˜ˆğŸ’‹ â™Œï¸,names,TRUE,true
BlackPassionDripğŸ’¦,names,TRUE,true
NB OWSHITâ›“ï¸Tá´±á´¬á´¹ Bá´¿á´¼á´·á´± TY ÆÆ²È¤È¤È¤,names,TRUE,false
ğŸ‡­ğŸ‡¹ğŸ‡­ğŸ‡¹ğŸ”ŒğŸ”‹LifeğŸ¤¦ğŸ½ğŸ’ ğŸ¤·ğŸ¾ğŸ–•ğŸ¾,names,TRUE,true
suck it bitch,names,TRUE,true
KINGğŸ†,names,TRUE,true
Black D Cumming,names,TRUE,true
OliverğŸ†ğŸ†#SgD,names,TRUE,true
ğŸ–•ğŸ§šâ€â™€ï¸NotLikeHerğŸ§šâ€â™€ï¸ğŸ–•,names,TRUE,true
ğŸ§šğŸ¼â€â™‚ï¸ ğ“œğ“ªğ“­ğ“ªğ“¶ğ“® ğ“’ğ“¸ ğŸ‘ŒğŸ» #â„¢ï¸â„‚ğ• ğ•Ÿğ•Ÿğ•’ğ•¤ğ•¤ğ•–ğ•¤,names,TRUE,true
BootylicousK,names,TRUE,true
ğŸ˜»Rocqui Loveeeâ™¥ï¸ğŸ’¦,names,TRUE,true
ğŸºğŸ”«ğŸ’¯Î²ÅVÄÎ²Å˜IÅ¦Î²Å˜Î”Å¦ğŸ’œğŸ’œğŸ¤‘ğŸ¤—ğŸ˜,names,TRUE,true
ğŸ’¯YOUR MAMA SIDE N!GGAğŸ’¯,names,TRUE,true
Pascal ğŸ‘,names,TRUE,true
BestDikSucka ğŸ†ğŸ’¦,names,TRUE,true
RxMook ğŸ’¸ğŸ”ŒğŸ”«,names,TRUE,true
Chocolate ğŸ’¦ SplashğŸ’¦,names,TRUE,true
bÃ®gdÃ­ck,names,TRUE,true
Niggalabbb,names,TRUE,true
ğŸ‡®ğŸ‡¹âšœğŸ–¤...Pablo...ğŸ’‰ğŸ’¦ğŸ‘‘,names,TRUE,true
OnMyShit,names,TRUE,false
ğŸ”¥â„¢HakeemğŸš€ğŸ’¦,names,TRUE,true
MRâ€¢12INCHES,names,TRUE,false
É±à¹ŒÛÉ£Í¢ğŸ”¥Eğšğ™·ğ™°ğ™½ã‰ºâ‘‰ğŸ’¦à¸„ÑŠÆ¨Ïƒï¾šÎ¹ÆšÒ½â„¢ğŸ’¦,names,TRUE,true
á¶ áµ˜áµáµ‰â¿HypeÂ®ğŸ¦‹,names,TRUE,false
ğŸ’¯ViciousByâ™’ ğŸ”¥ğŸ’¦NatureğŸ‘…ğŸŒŠ,names,TRUE,true
ğŸ™ƒğŸ‘…ğŸ’¦ just ask,names,TRUE,true
starfuker,names,TRUE,true
YeahBigBooty,names,TRUE,true
abcdeÆ’uckã²allğŸ¤‘,names,TRUE,true
Pappa Jeff ğŸ”«,names,TRUE,true
ğŸ¥¤ğŸ’¦JodieMFâ€™nJo,names,TRUE,true
ğŸ¥€ğŸ¦‰à¼„ savagequeenâ™¡gÎ¹Ğ¸gÑ”Ñƒ! #ğŸ–•c...,names,TRUE,true
6'4 Long D 9 Inches,names,TRUE,false
ğŸ–•ğŸ”¥ä¹¡ğ•¿ğ–ğ–Šà¼’×©ğ–ğ–•ğ–Šğ–—ä¹¡ğŸ–•ğŸ”¥,names,TRUE,true
BaddAndFreakyğŸ‘…ğŸ’¦,names,TRUE,true
ğŸ’ªğŸ¾ğŸ‘ŠğŸ¾ğŸ’ªğŸ¾ğŸ‘ŠğŸ¾ Mr.fuckğŸ–•ğŸ¾you,names,TRUE,true
Idlewild_savageğŸ’¯ğŸ”«ğŸ’°ğŸ’¸ğŸ’µ,names,TRUE,true
ğŸ’¦ğŸ’OmarianoğŸ”›ğŸ”,names,TRUE,true
MrA ğŸ†,names,TRUE,true
Lovei$painğŸ”¥ğŸ–•ğŸ½,names,TRUE,true
ğŸ‡²ğŸ‡½NOTurAVERAGEğŸ‡©ğŸ‡ªğŸ–¤ğŸ¤ğŸ–¤ğŸ¤ğŸŒ¬ğŸŒ¬ğŸ’ğŸ‘ğŸ’ğŸ”¥ğŸ”¥ğŸ”¥â™,names,TRUE,true
ğŸ²....tarikğŸ¦œğŸ–•,names,TRUE,true
ğŸ¤¤ ğŸ‘ ğŸ™‰ğŸ’–ğŸ¯ğŸ¦…CAINE ğŸ¦…,names,TRUE,true
Pucsy Hunter Hard Fuccker 9 inches,names,TRUE,true
Bri BabyğŸ’œğŸ‘…ğŸ’‹ğŸ‘…ğŸ’œğŸ’¦ğŸ’¦,names,TRUE,true
ğŸ‘Issa BetancurğŸ‘,names,TRUE,true
Sauce QueenğŸ‘¸ğŸ’¦,names,TRUE,true
Trelese BabiiğŸ‡¯ğŸ‡²ğŸ’¦,names,TRUE,true
jizzlet843,names,TRUE,false
Juicy MeğŸ‘,names,TRUE,true
JustUrLilC0cKWh0R3,names,TRUE,true
milf?,names,TRUE,true
ğŸŒ§ğŸğŸ®ğŸ‘…Î©â€¢ğ“£ğ“»ğ“ªğ“¬ğ”‚ TyEllağŸ­ğŸ’‹ğŸ–•,names,TRUE,true
XXKyleTheAssHoleXX#DMFFâ™ ï¸ğŸ˜ˆğŸ‘‘ğŸ–•,names,TRUE,true
Twatapotomus ğŸ’–,names,TRUE,false
ğŸ’¦ğŸ‘… CALL MHE BUTTERCUPğŸ‘…ğŸ’¦,names,TRUE,true
ğŸ—£Sean da ğŸG.O.A.T. ğŸ¥ƒğŸ’¨âœˆï¸ğŸ’°ğŸ”«,names,TRUE,true
money over bulshit,names,TRUE,false
JaviğŸŒˆ ğŸ‘ğŸ‘ Nalgon,names,TRUE,true
ğŸ’µ Sugar Papito ğŸ‘…ğŸ’¦ LADIES ONLY!,names,TRUE,true
ğŸŒğŸ’¦Desi sexğŸ’,names,TRUE,true
PeggingSlave,names,TRUE,true
Read My Profile Â® No shit,names,TRUE,false
Daddy Long Stroke ğŸ†ğŸ†ğŸ†,names,TRUE,true
IbuyNudes,names,TRUE,true
á´¾áµƒÊ¸áµ–áµƒË¡ğŸ’¸dÎ¹wÎ±Ñ‚Î±â˜ Õ³Ã­ÔµcÕ°â˜  kâƒ—uâƒ—pâƒ–sâƒ– NÌ³ pâƒ–aÌ¬Ì¤Ì¯lÌ¬Ì¤Ì¯sÌ¬Ì¤Ì¯ â–£âƒ–,names,TRUE,true
mikecoxmaulğŸ˜„ğŸ˜„ğŸ˜ƒğŸ–•,names,TRUE,true
FuckUNUrGames,names,TRUE,true
Bá´á´á´›ÊRá´œÊ™s,names,TRUE,true
iblowyouustuteğŸŒğŸ’¦ğŸ³ï¸â€ğŸŒˆ,names,TRUE,true
ğŸ¤ğŸ¾ğŸ™ğ““ğ“ªğ“·ğ“°ğ“®ğ“»-ğ“¾$ğŸš·ğŸ”¥ğŸ’¦ğŸ¥±,names,TRUE,true
D'GoddessğŸ‘‘ğŸ’™ğŸ’…ğŸ–•ğŸ’¯,names,TRUE,true
Ã‡â‚¬Ã˜ğŸŒ¶ğŸ˜ˆCHIPÃ’TLâ‚¬ SHÃTğŸ˜ˆğŸŒ¶,names,TRUE,false
ğŸ’¦à¸„ÑŠÆ¨Ïƒï¾šÎ¹ÆšÒ½â„¢ğŸ’¦ĞºÑÎ±â„“Î¹Ì‡Ã§Îµ,names,TRUE,true
ğŸ˜˜ğŸ¥°HONEYğŸ’¦PIEğŸ¯ğŸ¥§ ğ¸4ğ¿ğŸ‘‘,names,TRUE,true
arbys11inches,names,TRUE,false
ğŸ†Wet ğŸ’¦ğŸ‘…ğŸ’¦,names,TRUE,true
ğŸ’sweet_honestyğŸ’¦ğŸ’¦ğŸ”¥,names,TRUE,true
redbone ğŸ‘ğŸ¤¡,names,TRUE,true
Tounsia ğŸ‡¹ğŸ‡³ğŸ–•ğŸ½,names,TRUE,true
ğŸ˜ğŸ’™Erickaâ¤ï¸ğŸ’¦,names,TRUE,true
ğŸ¤¬á–´Yá—°ğŸ–•ğŸ¾BIGDRIPğŸ’¦ğŸ’¦ğŸ˜¿ğŸ˜¿ğŸ’¦ğŸ’¦,names,TRUE,true
ğŸ»BiggyğŸ’¥ğŸ’¦ğŸ’¦,names,TRUE,true
ğŸ¦‚ğŸ’€ Ê²áµ˜â±á¶œÊ¸ á—… R i a ğŸ†ğŸ¦âš¡âš ï¸ ğŸ’šğŸ±â„¢#á´¼á´ºá´± á¶ á´¬á´¹á´µá´¸áµâœŠğŸ¤˜,names,TRUE,true
datniggapopot,names,TRUE,true
pakboisğŸ˜‹ğŸ’¦ğŸ‘…,names,TRUE,true
Trigga BabyğŸ’¦ğŸ”«ğŸ‘¶,names,TRUE,true
Nur ğŸ–•ğŸ»,names,TRUE,true
JuiceeğŸ’¦,names,TRUE,true
Juicy ChynağŸ’¦â˜”ğŸ¤«,names,TRUE,true
ğŸ…¤ğŸ…ğŸ…˜ğŸ…šğŸ…ğŸ…£*HollywoodğŸŒŸğŸ“âœğŸ–•ğŸ¥ğŸ¬ğŸ‘€,names,TRUE,true
Dirty ğŸ‘ğŸ’¦ğŸ†ğŸ˜œğŸ,names,TRUE,true
Guacamole P0RNStar Cardio,names,TRUE,false
"ğ•¯Ûğ‡™Ûâœµğ•Ïƒgğ–¨¬dÛÔ„ Æˆğ–¨¬ÑÛâœµá‰á¤‡á‰²â±¤â‚³á ˜Õ°Î±âœµ ã…¤
  ğŸ”ªğŸ–•",names,TRUE,true
á—°á—©á–‡Iá”•Oá’ª â˜€ï¸ğŸ‘ğŸ¤ğ“£ğ“±ğ“® ğ“ğ“ªğ“½ğ“²ğ“¸ğ“·,names,TRUE,true
Freaky Nasty!ğŸ‘…ğŸ’¦ğŸ’¦ğŸ’‹,names,TRUE,true
ğŸ˜‡âš¡ï¸â˜¢ï¸Hazard|102ğŸ‘,names,TRUE,true
Trill_Fam ğŸ’¸Turnpike_IkeluğŸ–•,names,TRUE,true
ğŸIncestğŸ†SonğŸ,names,TRUE,true
Alexis Getfuked666,names,TRUE,false
â±¤Î±ÏÉ®á´‡É¦â¥ | Darling ğŸ‘…ğŸ”¥ğŸ’¦,names,TRUE,true
Dominatrix Babe â¤ï¸ğŸ¦˜Wayne AUğŸ¦˜â¤ï¸,names,TRUE,false
FREEğŸŒ¬SANEğŸ©NğŸ’°DA ğŸ’™GUYS! ğŸ–•ğŸ¾ğŸ‘®â€â™‚ï¸,names,TRUE,true
chocolatbunniğŸ’‹ğŸ«ğŸ­ğŸ’¦,names,TRUE,true
PornStar69,names,TRUE,false
bbcboy,names,TRUE,true
ğŸ”«ğŸ‡ºğŸ‡¸Trump2020ğŸ‡µğŸ‡·ğŸ”«#MAGA,names,TRUE,true
PrinceğŸ’¦ğŸ’¦ğŸ’‹,names,TRUE,true
ğŸ’¯â™‹RJ and STâ™€ï¸ğŸ’¦,names,TRUE,true
kashkow ğŸ®ğŸ¤‘cezğŸ’¨ğŸ”«,names,TRUE,true
BIGğŸ’¦GIRLğŸ¥°LYRIC,names,TRUE,true
GQğŸ‘‘ğŸ’¦RÃ¤ynÃ©ğŸ’¦ğŸ‘‘,names,TRUE,true
ğŸ‡®ğŸ‡¹âšœğŸ–¤...Pablo...âšœğŸ’¦ğŸ‘‘,names,TRUE,true
â„¢ï¸ã€½ï¸Teeâš–ï¸ğŸ”«,names,TRUE,true
I Want My ğŸ‘ Rubbed,names,TRUE,true
Munchieâ›½ğŸ’¯ğŸ†ğŸ‘Š,names,TRUE,true
ğŸ’ğŸ’–ğŸ’¦Faye ğŸ’–ğŸ’,names,TRUE,true
ğŸ¥µgeill ğŸ†ğŸ’¦ğŸ”¥,names,TRUE,true
âœğŸ’€ğ”…ğ”©ğ”¬ğ”¬ğ”¡ğ”Ÿğ”¬ğ”¯ğ”«ğŸ’€âœ #DMFFâ™ ï¸ğŸ˜ˆğŸ‘‘ğŸ–•,names,TRUE,true
pornhub14,names,TRUE,false
let me suck u,names,TRUE,true
ğŸ–•i keep doing myself like this ğŸ–•,names,TRUE,true
ğŸ’²NYPERğŸ’²ğŸ”«AğŸ¥‹NINJAHğŸ€„,names,TRUE,true
ê§fukÊ¸cÍ¦ashÍ£áµ–fáµ–iÊ¸xÍ¦lá¶ aÍ¬cÍ¦á¶°eÍ­ê§‚ğŸ§µâœ‚ï¸,names,TRUE,false
ğŸ”«ğŸ‘ŠğŸ½ğŸ”¥ğŸ˜¤Flexing88ğŸ‘ŠğŸ½ğŸ”¥ğŸ˜¤ğŸ”«,names,TRUE,true
SimpShit,names,TRUE,false
"!~Bâ™¡â™¡Bâ™¡â™¡K|TTÂ¥FUK~!",names,TRUE,false
joseeğŸ¥’+ğŸ‘,names,TRUE,true
ğŸ–¤ğŸ–¤SEXIIğŸ’¦SAVAGEğŸ–¤ğŸ–¤,names,TRUE,true
Titty,names,TRUE,true
ğŸ‘ Ms. Entertain Meâ™‹ï¸ğŸ‰ 7/2 ğŸ‰â™‹ï¸,names,TRUE,true
ğŸ’¦RingleaderğŸ‘…TGğŸ…±,names,TRUE,true
á´³áµ’áµ’á¶ Ê¸*á´³áµƒâ¿áµâœŒï¸âœ¨ğ”¸ğ•Šâ„ â„ğŸ‘ï¸ğ•ƒğ”¼âœ¨ğŸ‘ğŸ‘€,names,TRUE,true
ğŸ”«ğŸ˜œKINGRIZZYğŸ¤´ğŸ‘¿,names,TRUE,true
WaterworksğŸ’¦,names,TRUE,true
ğŸ†young bull,names,TRUE,true
mrkinkster,names,TRUE,true
sucktisdick head,names,TRUE,false
ILICALOTAPUSS ğŸ˜ˆğŸ’¦ğŸ‘…,names,TRUE,true
ciak si girağŸ’¥ğŸ–•ğŸ,names,TRUE,true
Rico â™ˆAriesGangâ™ˆğŸªğŸ‘ğŸ’,names,TRUE,true
Melanie Robertsâ™“ï¸â™ï¸ğŸ‘â™‰ï¸,names,TRUE,true
6â€™5InkedPsychoğŸ–•ğŸ–•,names,TRUE,true
Fk what u heard ğŸ–•ğŸ½,names,TRUE,true
PornHub,names,TRUE,false
KinkinessğŸ˜‹,names,TRUE,false
jochen cock,names,TRUE,false
ejkiccinshit,names,TRUE,false
ShitTalkinSupreme ğŸ’ªğŸ¤·â€â™‚ï¸,names,TRUE,false
ohyeahnah. cuntğŸ–•,names,TRUE,true
Billy OhShit,names,TRUE,false
ğŸ’¦babeğŸ’¦â‰›Ğ²ÌƒÍ‘Ì˜Í…Î±Í¤tÌÌ˜Î±Ê‚Í•Ì¥Â»,names,TRUE,true
ğŸ”¥ğŸ’‰ğŸ‘¾â„­ğŸ’™JğŸ¾ğŸ˜ˆğŸŒ™ğŸğŸ¼ğŸ˜»ğŸ‘ğŸ™,names,TRUE,true
THATNIGGA,names,TRUE,true
ğŸ¥ğ™†ğ™šğ™£ğ™£ğ™® ğ™’ğ™–ğ™®ğ™£ğ™šğŸ¥ğŸ’ MR BOBâ„ï¸ğŸ‚â„ï¸ ğŸ‘¸ â„ï¸ ğŸ‚ ğŸ‘ ğŸšœğ“ğ“šğ“(ğ”…ğ”¯ğ”²ğ” ğ”¢ ğ”šğ”ğ”¶ğ”«ğ”¢),names,TRUE,true
dicksmart60,names,TRUE,false
Sexy AssğŸ’¦ğŸ˜˜,names,TRUE,true
KÃ¯nky_Kitten,names,TRUE,true
GetchoShit2getha,names,TRUE,false
ğŸ‘€ğ•ğ•’ğ•¥ğ•”ğ•™ğŸ«ğ•ğ• ğ•¦ğŸ’¦ğ•Šğ•¥ğ•£ğ• ğ•œğ•–ğŸ‘…ğ•€ğ•¥ğŸ‘„,names,TRUE,true
â™Šï¸DeniroğŸ˜ˆğŸ‘½ğŸ˜’ğŸ–•ğŸ½ğŸ’°ğŸ’¸,names,TRUE,true
LOUDPACK69 vac mrytleğŸ”¥ğŸ’¦,names,TRUE,true
á›•ğ”¦ğ”«ğ”¤ á›•ğ”¬ğ”·ğ”‚ Ë¢á´¬Ê¸Ë¢ ğŸ–•Yo TaggedFam,names,TRUE,true
ğŸ–•ğŸ»ÄÃ˜â‚µğŸ´â€â˜ ï¸â±§Ã˜â± Å‚Äâ‚³ÉğŸ–•ğŸ»,names,TRUE,true
Yung _beansğŸ¤‘ğŸ‘¾ğŸ‘½ğŸ‘…ğŸ’¦,names,TRUE,true
THICK.Like.HoneyğŸ¯ğŸ‘ğŸ±ğŸ’¦,names,TRUE,true
DeeğŸ’«ğŸ–•Get ğŸ’µ,names,TRUE,true
Grown&SexxyğŸ˜ğŸ˜ğŸŒˆğŸ’¦,names,TRUE,true
MsğŸ’¦G.Gâ¤ï¸,names,TRUE,true
â• â•¬â­•â–€â–ˆâ–€ Bâ—¯YğŸ†,names,TRUE,true
ğŸ–•JacquelineğŸ–•ğŸ–¤,names,TRUE,true
Your Desire ğŸ’¦ğŸŒ¹,names,TRUE,true
freshmufuckinGotti,names,TRUE,true
Call me Squirtle ğŸ’¦ğŸ’¦ğŸ’¦,names,TRUE,true
"ğŸ’¦ÃŸÃÃŸÅ¶Ä´ÃMğŸ’¦ğŸŒÄÄ¨Å”Ä¹ÅšğŸ‘‰ty,traxx",names,TRUE,true
Nikki ğŸ¤¤ğŸ˜ğŸ˜»ğŸ’¦,names,TRUE,true
MyrnapotğŸ‘tm LOVELYğŸ‡µğŸ‡­ğŸ¦„,names,TRUE,true
AlexğŸ’¦,names,TRUE,true
Êš ğ˜ğ®ğ¦ğ¢ğŸ’¦ É,names,TRUE,true
Tony D ğŸ€ğŸ–•ğŸ½,names,TRUE,true
El pinche chapo (Read my bio),names,TRUE,false
shitone,names,TRUE,false
money$pzoeboyshit,names,TRUE,false
MÃ¶chte gerne diskret einen Seitensprung ğŸ†ğŸ‘ğŸ’¦,names,TRUE,true
Kenyancock,names,TRUE,false
ThickhungXXXğŸ’ªğŸ¼ğŸ¤ªğŸ’¦ğŸ†,names,TRUE,true
SteczykğŸ•ğŸ’¦ğŸ’¥,names,TRUE,true
ğŸŒ¸ğŸ’¦nynythickğŸ’¦ğŸŒ¸,names,TRUE,true
Slanging Wood ğŸ†,names,TRUE,true
ğŸ’¦Sborra per le donne porcelleğŸ’¦,names,TRUE,true
ğŸ‘‰ğŸ‘ŒDAKS-AKOğŸ’¦ğŸ’¦,names,TRUE,true
IkeğŸ’§Î²Î¹É¢ğŸ¥¶Æ‰ÑÎ¹PğŸ’¦ğŸ’ªğŸ½,names,TRUE,true
ğŸ’¯ğ‘®ğ’ğŸ…±ï¸ğ’“ğ’‚ğ’›ğ’šğŸ©¸ğŸ’°ğŸ˜ˆğŸ”«2xã€Šâ¤â„Šâ…ˆâ„±á¨â„°â……,names,TRUE,true
á¶ Ì¶áµ˜Ì¶á¶œÌ¶áµÌ¶â±Ì¶â¿Ì¶áµÌ¶ TÎ±ÆšÆšÒ½Ôƒ QÏ…Ò½Ò½É³â†ŸğŸ‘‘,names,TRUE,true
OG Kryptonite ğŸ˜ğŸ’¦ğŸ«ğŸğŸğŸ’™,names,TRUE,true
ğŸ–•Lmtd EditionğŸ–•,names,TRUE,true
ufuktup,names,TRUE,false
ILke_Nipples,names,TRUE,true
"âŒ ğŸ˜ˆ
 âŒ
 ğŸ–•",names,TRUE,true
fattyğŸ°'s4datğŸ†link,names,TRUE,true
ğŸ’¦ğŸ’‹JuicyPlusSizeğŸ’‹ğŸ’¦,names,TRUE,true
ğŸ”« trust no one ğŸ’£,names,TRUE,true
ğŸ‡®ğŸ‡¹âšœğŸ–¤...Pablo..âšœğŸ’¦,names,TRUE,true
ğŸ’§Î²Î¹É¢ğŸ¥¶Æ‰ÑÎ¹PğŸ’¦KiKiğŸ‘¸ğŸ»âœ¨,names,TRUE,true
ğŸ’¦PaKinG.QueeNá´¿á´±á´° á´´á´¼á´¿Ë¢á´± Â².â°,names,TRUE,true
WatermelonğŸ‰ğŸ‰ğŸ’¦ğŸ’¦ğŸ‘…,names,TRUE,true
ğŸ’¦MZ JUICY FRUITğŸ’¦ğŸ‘…ğŸ‘…,names,TRUE,true
ğŸ‘‘ ğŸ”±SPOOKğŸ”±ğŸ‘‘ğŸ‘»ğŸ’¨ğŸ’¨ğŸ’¨ğŸ†ğŸ†ğŸ¤˜ğŸ¿ğŸ¤˜ğŸ¿,names,TRUE,true
WEST BANGIN #ğŸ’¥ ğŸ”«,names,TRUE,true
ğŸ‘æ¡ƒå­ğŸ‘,names,TRUE,true
" ",,,false
autumnBlueğŸ‚ğŸğŸ’¦ğŸ’™,names,TRUE,true
otto_shithead,names,TRUE,true
